/*!40101 SET @OLD_CHARACTER_SET_CLIENT=@@CHARACTER_SET_CLIENT */;
/*!40101 SET NAMES utf8 */;
/*!50503 SET NAMES utf8mb4 */;
/*!40103 SET @OLD_TIME_ZONE=@@TIME_ZONE */;
/*!40103 SET TIME_ZONE='+00:00' */;
/*!40014 SET @OLD_FOREIGN_KEY_CHECKS=@@FOREIGN_KEY_CHECKS, FOREIGN_KEY_CHECKS=0 */;
/*!40101 SET @OLD_SQL_MODE=@@SQL_MODE, SQL_MODE='NO_AUTO_VALUE_ON_ZERO' */;
/*!40111 SET @OLD_SQL_NOTES=@@SQL_NOTES, SQL_NOTES=0 */;

CREATE DATABASE IF NOT EXISTS `karaokedb` /*!40100 DEFAULT CHARACTER SET utf8mb4 COLLATE utf8mb4_unicode_ci */;
USE `karaokedb`;

CREATE TABLE IF NOT EXISTS `categorias_producto` (
  `id_categoria_producto` int(10) unsigned NOT NULL AUTO_INCREMENT,
  `nombre` varchar(100) NOT NULL COMMENT 'Nombre de la categoría (ej: Bebidas, Piqueos, Licores)',
  `descripcion` text DEFAULT NULL COMMENT 'Descripción adicional de la categoría',
  `estado` tinyint(1) NOT NULL DEFAULT 1 COMMENT 'TRUE: activa, FALSE: inactiva',
  `fecha_creacion` timestamp NULL DEFAULT current_timestamp(),
  `fecha_actualizacion` timestamp NULL DEFAULT current_timestamp() ON UPDATE current_timestamp(),
  PRIMARY KEY (`id_categoria_producto`),
  UNIQUE KEY `nombre` (`nombre`)
) ENGINE=InnoDB AUTO_INCREMENT=16 DEFAULT CHARSET=utf8mb4 COLLATE=utf8mb4_unicode_ci COMMENT='Categorías de los productos';

INSERT INTO `categorias_producto` (`id_categoria_producto`, `nombre`, `descripcion`, `estado`, `fecha_creacion`, `fecha_actualizacion`) VALUES
	(1, 'Piqueos', 'Entradas y acompañamientos para compartir', 1, '2025-05-25 07:42:37', '2025-05-25 07:42:37'),
	(2, 'Cocteles', 'Tragos preparados, clásicos y de la casa', 1, '2025-05-25 07:42:59', '2025-05-25 07:42:59'),
	(3, 'Licores', 'Botellas y presentaciones selladas', 1, '2025-05-25 07:43:16', '2025-05-25 07:43:16'),
	(4, 'Bebidas', 'Bebidas sin alcohol', 1, '2025-05-25 07:43:42', '2025-05-25 07:43:42'),
	(5, 'Cervezas', 'Cervezas individuales', 1, '2025-05-25 07:44:02', '2025-05-25 07:44:02'),
	(6, 'Jarras', 'Jarras de tragos o mezclas para compartir', 1, '2025-05-25 07:44:22', '2025-05-25 07:44:22'),
	(7, 'Baldes', 'Baldes de cervezas para grupos', 1, '2025-05-25 07:44:37', '2025-05-25 07:44:37'),
	(8, 'Condimentos y Especias', NULL, 1, '2025-06-18 19:00:56', '2025-06-18 19:00:56'),
	(9, 'Materias Primas', NULL, 1, '2025-06-18 19:00:56', '2025-06-18 19:00:56'),
	(10, 'Salsas Y Aderezos', NULL, 1, '2025-06-18 19:00:56', '2025-06-18 19:00:56'),
	(11, 'No comestibles', NULL, 1, '2025-06-18 19:00:56', '2025-06-18 19:00:56'),
	(12, 'Frutas', NULL, 1, '2025-06-18 19:00:56', '2025-06-18 19:00:56'),
	(13, 'Ingredientes', NULL, 1, '2025-06-18 19:00:56', '2025-06-18 19:11:25'),
	(14, 'Bebidas de Barra', NULL, 1, '2025-06-18 19:00:56', '2025-06-18 19:00:56'),
	(15, 'Licores de Barra', NULL, 1, '2025-06-18 19:00:56', '2025-06-18 19:00:56');

CREATE TABLE IF NOT EXISTS `comprobantes` (
  `id_comprobante` bigint(20) unsigned NOT NULL AUTO_INCREMENT,
  `id_pedido` bigint(20) unsigned NOT NULL COMMENT 'FK al pedido asociado a este comprobante',
  `id_usuario_cajero` int(10) unsigned NOT NULL COMMENT 'FK al usuario (cajero) que emitió el comprobante',
  `tipo_documento_cliente` enum('DNI','RUC','CE','PASAPORTE','SIN_DOCUMENTO') NOT NULL DEFAULT 'SIN_DOCUMENTO' COMMENT 'Tipo de documento del cliente',
  `numero_documento_cliente` varchar(20) DEFAULT NULL COMMENT 'Número del documento del cliente (DNI/RUC)',
  `nombre_razon_social_cliente` varchar(200) NOT NULL COMMENT 'Nombre o razón social del cliente',
  `direccion_cliente` varchar(255) DEFAULT NULL COMMENT 'Dirección fiscal del cliente',
  `serie_comprobante` varchar(10) NOT NULL COMMENT 'Serie del comprobante (ej: B001, F001)',
  `numero_correlativo_comprobante` bigint(20) unsigned NOT NULL COMMENT 'Número correlativo del comprobante',
  `fecha_emision` timestamp NULL DEFAULT current_timestamp() COMMENT 'Fecha y hora de emisión del comprobante',
  `moneda` enum('PEN','USD') NOT NULL DEFAULT 'PEN' COMMENT 'Moneda del comprobante',
  `subtotal_comprobante` decimal(12,2) NOT NULL COMMENT 'Monto antes de impuestos',
  `igv_aplicado_tasa` decimal(5,2) NOT NULL DEFAULT 18.00 COMMENT 'Tasa de IGV aplicada (ej: 18.00 para 18%)',
  `monto_igv` decimal(12,2) NOT NULL COMMENT 'Monto del IGV',
  `monto_total_comprobante` decimal(12,2) NOT NULL COMMENT 'Monto total a pagar',
  `tipo_comprobante` enum('BOLETA','FACTURA','NOTA_VENTA') NOT NULL COMMENT 'Tipo de comprobante emitido',
  `metodo_pago` enum('EFECTIVO','TARJETA','YAPE','PLIN','TRANSFERENCIA','MIXTO') DEFAULT NULL COMMENT 'Método de pago utilizado',
  `referencia_pago` varchar(100) DEFAULT NULL COMMENT 'Referencia para pagos con tarjeta, yape, plin, etc.',
  `estado_comprobante` enum('EMITIDO','ANULADO','PAGADO') NOT NULL DEFAULT 'EMITIDO' COMMENT 'Estado del comprobante',
  `qr_code_data` text DEFAULT NULL COMMENT 'Datos para generar el QR de SUNAT (para facturación electrónica)',
  `hash_sunat` varchar(255) DEFAULT NULL COMMENT 'Código Hash de SUNAT para facturación electrónica',
  `notas_comprobante` text DEFAULT NULL,
  `fecha_anulacion` timestamp NULL DEFAULT NULL,
  PRIMARY KEY (`id_comprobante`),
  UNIQUE KEY `uq_serie_correlativo_tipo` (`serie_comprobante`,`numero_correlativo_comprobante`,`tipo_comprobante`),
  KEY `fk_comprobante_usuario_cajero` (`id_usuario_cajero`),
  KEY `idx_comprobante_fecha_emision` (`fecha_emision`),
  KEY `idx_comprobante_estado` (`estado_comprobante`),
  KEY `idx_comprobante_cliente_doc` (`numero_documento_cliente`),
  KEY `fk_comprobante_pedido` (`id_pedido`),
  CONSTRAINT `fk_comprobante_pedido` FOREIGN KEY (`id_pedido`) REFERENCES `pedidos` (`id_pedido`) ON UPDATE CASCADE,
  CONSTRAINT `fk_comprobante_usuario_cajero` FOREIGN KEY (`id_usuario_cajero`) REFERENCES `usuarios` (`id_usuario`) ON UPDATE CASCADE
) ENGINE=InnoDB AUTO_INCREMENT=136 DEFAULT CHARSET=utf8mb4 COLLATE=utf8mb4_unicode_ci COMMENT='Comprobantes de pago emitidos';

INSERT INTO `comprobantes` (`id_comprobante`, `id_pedido`, `id_usuario_cajero`, `tipo_documento_cliente`, `numero_documento_cliente`, `nombre_razon_social_cliente`, `direccion_cliente`, `serie_comprobante`, `numero_correlativo_comprobante`, `fecha_emision`, `moneda`, `subtotal_comprobante`, `igv_aplicado_tasa`, `monto_igv`, `monto_total_comprobante`, `tipo_comprobante`, `metodo_pago`, `referencia_pago`, `estado_comprobante`, `qr_code_data`, `hash_sunat`, `notas_comprobante`, `fecha_anulacion`) VALUES
	(7, 7, 2, 'DNI', '95471863', 'Cliente', NULL, 'B001', 1, '2025-06-02 10:15:21', 'PEN', 30.51, 18.00, 5.49, 36.00, 'BOLETA', 'YAPE', NULL, 'EMITIDO', 'QR_DATA_PLACEHOLDER', 'HASH_PLACEHOLDER', NULL, NULL),
	(8, 6, 2, 'DNI', '27460426', 'Cliente', NULL, 'B001', 2, '2025-06-02 21:29:28', 'PEN', 487.29, 18.00, 87.71, 575.00, 'BOLETA', 'YAPE', NULL, 'EMITIDO', 'QR_DATA_PLACEHOLDER', 'HASH_PLACEHOLDER', NULL, NULL),
	(9, 8, 2, 'DNI', '53123052', 'Cliente', NULL, 'B001', 3, '2025-06-03 02:25:12', 'PEN', 2542.37, 18.00, 457.63, 3000.00, 'BOLETA', 'YAPE', NULL, 'EMITIDO', 'QR_DATA_PLACEHOLDER', 'HASH_PLACEHOLDER', NULL, NULL),
	(10, 10, 2, 'DNI', '36047962', 'Cliente', NULL, 'B001', 4, '2025-06-05 03:33:06', 'PEN', 42.37, 18.00, 7.63, 50.00, 'BOLETA', 'YAPE', NULL, 'EMITIDO', 'QR_DATA_PLACEHOLDER', 'HASH_PLACEHOLDER', NULL, NULL),
	(11, 13, 2, 'DNI', '18598342', 'Cliente', NULL, 'B001', 5, '2025-06-06 00:56:00', 'PEN', 423.73, 18.00, 76.27, 500.00, 'BOLETA', 'YAPE', NULL, 'EMITIDO', 'QR_DATA_PLACEHOLDER', 'HASH_PLACEHOLDER', NULL, NULL),
	(12, 14, 2, 'DNI', '42781107', 'Cliente', NULL, 'B001', 6, '2025-06-06 05:51:51', 'PEN', 84.75, 18.00, 15.25, 100.00, 'BOLETA', 'YAPE', NULL, 'EMITIDO', 'QR_DATA_PLACEHOLDER', 'HASH_PLACEHOLDER', NULL, NULL),
	(13, 12, 2, 'DNI', '38828486', 'Cliente', NULL, 'B001', 7, '2025-06-08 21:32:23', 'PEN', 38.14, 18.00, 6.86, 45.00, 'BOLETA', 'YAPE', NULL, 'EMITIDO', 'QR_DATA_PLACEHOLDER', 'HASH_PLACEHOLDER', NULL, NULL),
	(14, 11, 2, 'DNI', '59263582', 'Cliente', NULL, 'B001', 8, '2025-06-08 21:35:10', 'PEN', 28.81, 18.00, 5.19, 34.00, 'BOLETA', 'YAPE', NULL, 'EMITIDO', 'QR_DATA_PLACEHOLDER', 'HASH_PLACEHOLDER', NULL, NULL),
	(15, 9, 2, 'DNI', '87095738', 'Cliente', NULL, 'B001', 9, '2025-06-08 21:44:49', 'PEN', 1694.92, 18.00, 305.08, 2000.00, 'BOLETA', 'YAPE', NULL, 'EMITIDO', 'QR_DATA_PLACEHOLDER', 'HASH_PLACEHOLDER', NULL, NULL),
	(16, 5, 2, 'DNI', '40398441', 'Cliente', NULL, 'B001', 10, '2025-06-09 02:30:31', 'PEN', 267.80, 18.00, 48.20, 316.00, 'BOLETA', 'YAPE', NULL, 'EMITIDO', 'QR_DATA_PLACEHOLDER', 'HASH_PLACEHOLDER', NULL, NULL),
	(17, 4, 2, 'DNI', '86625059', 'Cliente', NULL, 'B001', 11, '2025-06-15 09:02:24', 'PEN', 44.07, 18.00, 7.93, 52.00, 'BOLETA', 'EFECTIVO', NULL, 'EMITIDO', 'QR_DATA_PLACEHOLDER', 'HASH_PLACEHOLDER', NULL, NULL),
	(18, 3, 2, 'DNI', '72446825', 'AHMED HASAN AKHTAR OVIEDO', NULL, 'B001', 12, '2025-06-16 12:56:26', 'PEN', 63.56, 18.00, 11.44, 75.00, 'BOLETA', 'EFECTIVO', NULL, 'EMITIDO', 'QR_DATA_PLACEHOLDER', 'HASH_PLACEHOLDER', NULL, NULL),
	(19, 2, 2, 'DNI', '72446825', 'Cliente', NULL, 'B001', 13, '2025-06-19 10:06:12', 'PEN', 379.66, 18.00, 68.34, 448.00, 'BOLETA', 'EFECTIVO', NULL, 'EMITIDO', 'QR_DATA_PLACEHOLDER', 'HASH_PLACEHOLDER', NULL, NULL),
	(20, 16, 2, 'DNI', '72446825', 'Cliente', NULL, 'B001', 14, '2025-06-24 02:12:01', 'PEN', 2123.73, 18.00, 382.27, 2506.00, 'BOLETA', 'EFECTIVO', NULL, 'EMITIDO', 'QR_DATA_PLACEHOLDER', 'HASH_PLACEHOLDER', NULL, NULL),
	(21, 18, 2, 'DNI', '72446825', 'Cliente', NULL, 'B001', 15, '2025-06-24 06:19:46', 'PEN', 635.59, 18.00, 114.41, 750.00, 'BOLETA', 'EFECTIVO', NULL, 'EMITIDO', 'QR_DATA_PLACEHOLDER', 'HASH_PLACEHOLDER', NULL, NULL),
	(22, 19, 2, 'DNI', '72446825', 'AHMED HASAN   AKHTAR OVIEDO', NULL, 'B001', 16, '2025-06-28 20:43:18', 'PEN', 10.17, 18.00, 1.83, 12.00, 'BOLETA', 'PLIN', NULL, 'EMITIDO', 'QR_DATA_PLACEHOLDER', 'HASH_PLACEHOLDER', NULL, NULL),
	(23, 20, 2, 'DNI', '72446825', 'AHMED HASAN   AKHTAR OVIEDO', NULL, 'B001', 17, '2025-06-28 21:04:53', 'PEN', 15.25, 18.00, 2.75, 18.00, 'BOLETA', 'YAPE', NULL, 'EMITIDO', 'QR_DATA_PLACEHOLDER', 'HASH_PLACEHOLDER', NULL, NULL),
	(24, 17, 2, 'DNI', '72446825', 'AHMED HASAN   AKHTAR OVIEDO', NULL, 'B001', 18, '2025-06-29 01:00:07', 'PEN', 13.56, 18.00, 2.44, 16.00, 'BOLETA', 'YAPE', NULL, 'EMITIDO', 'QR_DATA_PLACEHOLDER', 'HASH_PLACEHOLDER', NULL, NULL),
	(25, 24, 2, 'DNI', '61373733', 'LIZBETH ALEXANDRA   CARRILLO ALAVE', NULL, 'B001', 19, '2025-06-29 05:55:22', 'PEN', 20.34, 18.00, 3.66, 24.00, 'BOLETA', 'EFECTIVO', NULL, 'EMITIDO', 'QR_DATA_PLACEHOLDER', 'HASH_PLACEHOLDER', NULL, NULL),
	(26, 23, 2, 'DNI', '72446825', 'AHMED HASAN   AKHTAR OVIEDO', NULL, 'B001', 20, '2025-06-29 09:37:40', 'PEN', 210.17, 18.00, 37.83, 248.00, 'BOLETA', 'YAPE', NULL, 'EMITIDO', 'QR_DATA_PLACEHOLDER', 'HASH_PLACEHOLDER', NULL, NULL),
	(27, 22, 2, 'DNI', '72446825', 'AHMED HASAN   AKHTAR OVIEDO', NULL, 'B001', 21, '2025-06-29 09:56:10', 'PEN', 79.66, 18.00, 14.34, 94.00, 'BOLETA', 'TARJETA', NULL, 'EMITIDO', 'QR_DATA_PLACEHOLDER', 'HASH_PLACEHOLDER', NULL, NULL),
	(28, 21, 2, 'DNI', '72446825', 'AHMED HASAN   AKHTAR OVIEDO', NULL, 'B001', 22, '2025-06-29 09:56:48', 'PEN', 10.59, 18.00, 1.91, 12.50, 'BOLETA', 'TARJETA', NULL, 'EMITIDO', 'QR_DATA_PLACEHOLDER', 'HASH_PLACEHOLDER', NULL, NULL),
	(29, 25, 2, 'DNI', '72446825', 'AHMED HASAN   AKHTAR OVIEDO', NULL, 'B001', 23, '2025-06-29 10:01:24', 'PEN', 7.63, 18.00, 1.37, 9.00, 'BOLETA', 'TARJETA', NULL, 'EMITIDO', 'QR_DATA_PLACEHOLDER', 'HASH_PLACEHOLDER', NULL, NULL),
	(30, 27, 2, 'DNI', '72446825', 'AHMED HASAN   AKHTAR OVIEDO', NULL, 'B001', 24, '2025-06-29 10:47:29', 'PEN', 23.73, 18.00, 4.27, 28.00, 'BOLETA', 'TARJETA', NULL, 'EMITIDO', 'QR_DATA_PLACEHOLDER', 'HASH_PLACEHOLDER', NULL, NULL),
	(31, 26, 2, 'DNI', '72446825', 'AHMED HASAN   AKHTAR OVIEDO', NULL, 'B001', 25, '2025-06-29 11:18:37', 'PEN', 64.41, 18.00, 11.59, 76.00, 'BOLETA', 'TARJETA', NULL, 'EMITIDO', 'QR_DATA_PLACEHOLDER', 'HASH_PLACEHOLDER', NULL, NULL),
	(32, 28, 2, 'DNI', '72446825', 'AHMED HASAN   AKHTAR OVIEDO', NULL, 'B001', 26, '2025-06-29 11:20:57', 'PEN', 16.95, 18.00, 3.05, 20.00, 'BOLETA', 'TARJETA', NULL, 'EMITIDO', 'QR_DATA_PLACEHOLDER', 'HASH_PLACEHOLDER', NULL, NULL),
	(33, 29, 9, 'DNI', '72446825', 'AHMED HASAN   AKHTAR OVIEDO', NULL, 'B001', 27, '2025-06-29 11:57:43', 'PEN', 16.95, 18.00, 3.05, 20.00, 'BOLETA', 'TARJETA', NULL, 'EMITIDO', 'QR_DATA_PLACEHOLDER', 'HASH_PLACEHOLDER', NULL, NULL),
	(34, 30, 2, 'DNI', '72446825', 'AHMED HASAN   AKHTAR OVIEDO', NULL, 'B001', 28, '2025-06-29 12:52:41', 'PEN', 6.78, 18.00, 1.22, 8.00, 'BOLETA', 'EFECTIVO', NULL, 'EMITIDO', 'QR_DATA_PLACEHOLDER', 'HASH_PLACEHOLDER', NULL, NULL),
	(35, 31, 2, 'DNI', '72446825', 'AHMED HASAN   AKHTAR OVIEDO', NULL, 'B001', 29, '2025-06-30 04:25:51', 'PEN', 140.68, 18.00, 25.32, 166.00, 'BOLETA', 'TARJETA', NULL, 'EMITIDO', 'QR_DATA_PLACEHOLDER', 'HASH_PLACEHOLDER', NULL, NULL),
	(36, 32, 2, 'DNI', NULL, 'Ahmed', NULL, 'B001', 1, '2025-06-30 04:30:23', 'PEN', 338.98, 18.00, 61.02, 400.00, 'NOTA_VENTA', 'TARJETA', NULL, 'EMITIDO', 'QR_DATA_PLACEHOLDER', 'HASH_PLACEHOLDER', NULL, NULL),
	(39, 34, 2, 'SIN_DOCUMENTO', NULL, 'Ahmed', NULL, 'NV01', 2, '2025-06-30 08:12:10', 'PEN', 16.95, 18.00, 3.05, 20.00, 'NOTA_VENTA', 'EFECTIVO', NULL, 'EMITIDO', NULL, NULL, NULL, NULL),
	(40, 34, 2, 'SIN_DOCUMENTO', NULL, 'Jose', NULL, 'NV01', 3, '2025-06-30 08:12:10', 'PEN', 16.95, 18.00, 3.05, 20.00, 'NOTA_VENTA', 'YAPE', NULL, 'EMITIDO', NULL, NULL, NULL, NULL),
	(41, 34, 2, 'SIN_DOCUMENTO', NULL, 'Ahmed', NULL, 'NV01', 4, '2025-06-30 08:21:14', 'PEN', 16.95, 18.00, 3.05, 20.00, 'NOTA_VENTA', 'EFECTIVO', NULL, 'EMITIDO', NULL, NULL, NULL, NULL),
	(42, 34, 2, 'SIN_DOCUMENTO', NULL, 'Jose', NULL, 'NV01', 5, '2025-06-30 08:21:14', 'PEN', 16.95, 18.00, 3.05, 20.00, 'NOTA_VENTA', 'YAPE', NULL, 'EMITIDO', NULL, NULL, NULL, NULL),
	(43, 34, 2, 'SIN_DOCUMENTO', NULL, 'Ahmed', NULL, 'NV01', 6, '2025-06-30 08:21:16', 'PEN', 16.95, 18.00, 3.05, 20.00, 'NOTA_VENTA', 'EFECTIVO', NULL, 'EMITIDO', NULL, NULL, NULL, NULL),
	(44, 34, 2, 'SIN_DOCUMENTO', NULL, 'Jose', NULL, 'NV01', 7, '2025-06-30 08:21:16', 'PEN', 16.95, 18.00, 3.05, 20.00, 'NOTA_VENTA', 'YAPE', NULL, 'EMITIDO', NULL, NULL, NULL, NULL),
	(45, 34, 2, 'SIN_DOCUMENTO', NULL, 'Ahmed', NULL, 'NV01', 8, '2025-06-30 08:22:27', 'PEN', 16.95, 18.00, 3.05, 20.00, 'NOTA_VENTA', 'EFECTIVO', NULL, 'EMITIDO', NULL, NULL, NULL, NULL),
	(46, 34, 2, 'SIN_DOCUMENTO', NULL, 'Jose', NULL, 'NV01', 9, '2025-06-30 08:22:27', 'PEN', 16.95, 18.00, 3.05, 20.00, 'NOTA_VENTA', 'YAPE', NULL, 'EMITIDO', NULL, NULL, NULL, NULL),
	(47, 35, 2, 'SIN_DOCUMENTO', NULL, 'Manuel', NULL, 'NV01', 10, '2025-06-30 08:34:00', 'PEN', 118.64, 18.00, 21.36, 140.00, 'NOTA_VENTA', 'EFECTIVO', NULL, 'EMITIDO', NULL, NULL, NULL, NULL),
	(48, 35, 2, 'SIN_DOCUMENTO', NULL, 'Maria', NULL, 'NV01', 11, '2025-06-30 08:34:00', 'PEN', 118.64, 18.00, 21.36, 140.00, 'NOTA_VENTA', 'TARJETA', NULL, 'EMITIDO', NULL, NULL, NULL, NULL),
	(49, 36, 2, 'SIN_DOCUMENTO', NULL, 'Daniel', NULL, 'NV01', 12, '2025-06-30 08:58:54', 'PEN', 27.12, 18.00, 4.88, 32.00, 'NOTA_VENTA', 'YAPE', NULL, 'EMITIDO', NULL, NULL, NULL, NULL),
	(50, 36, 2, 'SIN_DOCUMENTO', NULL, 'Carlos', NULL, 'NV01', 13, '2025-06-30 08:58:54', 'PEN', 27.12, 18.00, 4.88, 32.00, 'NOTA_VENTA', 'EFECTIVO', NULL, 'EMITIDO', NULL, NULL, NULL, NULL),
	(51, 36, 2, 'SIN_DOCUMENTO', NULL, 'Brayan', NULL, 'NV01', 14, '2025-06-30 08:58:54', 'PEN', 27.12, 18.00, 4.88, 32.00, 'NOTA_VENTA', 'PLIN', NULL, 'EMITIDO', NULL, NULL, NULL, NULL),
	(52, 37, 2, 'SIN_DOCUMENTO', NULL, 'Rodriguez', NULL, 'NV01', 15, '2025-06-30 09:07:27', 'PEN', 6.78, 18.00, 1.22, 8.00, 'NOTA_VENTA', 'EFECTIVO', NULL, 'EMITIDO', NULL, NULL, NULL, NULL),
	(53, 37, 2, 'SIN_DOCUMENTO', NULL, 'Emmanuel', NULL, 'NV01', 16, '2025-06-30 09:07:27', 'PEN', 6.78, 18.00, 1.22, 8.00, 'NOTA_VENTA', 'YAPE', NULL, 'EMITIDO', NULL, NULL, NULL, NULL),
	(54, 38, 2, 'DNI', NULL, 'Marco', NULL, 'B001', 17, '2025-06-30 11:48:19', 'PEN', 71.19, 18.00, 12.81, 84.00, 'NOTA_VENTA', 'EFECTIVO', NULL, 'EMITIDO', 'QR_DATA_PLACEHOLDER', 'HASH_PLACEHOLDER', NULL, NULL),
	(55, 39, 2, 'DNI', '72446825', 'AHMED HASAN   AKHTAR OVIEDO', NULL, 'B001', 30, '2025-06-30 12:00:31', 'PEN', 40.68, 18.00, 7.32, 48.00, 'BOLETA', 'EFECTIVO', NULL, 'EMITIDO', 'QR_DATA_PLACEHOLDER', 'HASH_PLACEHOLDER', NULL, NULL),
	(56, 40, 2, 'DNI', '72446825', 'AHMED HASAN   AKHTAR OVIEDO', NULL, 'B001', 31, '2025-06-30 12:07:51', 'PEN', 16.95, 18.00, 3.05, 20.00, 'BOLETA', 'EFECTIVO', NULL, 'EMITIDO', 'QR_DATA_PLACEHOLDER', 'HASH_PLACEHOLDER', NULL, NULL),
	(57, 41, 2, 'DNI', NULL, 'Andre', NULL, 'B001', 18, '2025-06-30 12:13:34', 'PEN', 11.86, 18.00, 2.14, 14.00, 'NOTA_VENTA', 'EFECTIVO', NULL, 'EMITIDO', 'QR_DATA_PLACEHOLDER', 'HASH_PLACEHOLDER', NULL, NULL),
	(67, 42, 2, 'DNI', NULL, 'Ahmed', NULL, 'B001', 19, '2025-06-30 12:37:28', 'PEN', 360.17, 18.00, 64.83, 425.00, 'NOTA_VENTA', 'EFECTIVO', NULL, 'EMITIDO', 'QR_DATA_PLACEHOLDER', 'HASH_PLACEHOLDER', NULL, NULL),
	(80, 43, 2, 'SIN_DOCUMENTO', NULL, 'Ahmed', NULL, 'NV01', 20, '2025-06-30 12:49:59', 'PEN', 15.53, 18.00, 2.80, 18.33, 'NOTA_VENTA', 'EFECTIVO', NULL, 'EMITIDO', NULL, NULL, NULL, NULL),
	(82, 43, 2, 'SIN_DOCUMENTO', NULL, 'Carlos', NULL, 'NV01', 21, '2025-06-30 12:49:59', 'PEN', 15.53, 18.00, 2.80, 18.33, 'NOTA_VENTA', 'TARJETA', NULL, 'EMITIDO', NULL, NULL, NULL, NULL),
	(83, 43, 2, 'SIN_DOCUMENTO', NULL, 'Franco', NULL, 'NV01', 22, '2025-06-30 12:49:59', 'PEN', 15.53, 18.00, 2.80, 18.33, 'NOTA_VENTA', 'YAPE', NULL, 'EMITIDO', NULL, NULL, NULL, NULL),
	(84, 43, 2, 'SIN_DOCUMENTO', NULL, 'Ahmed', NULL, 'NV01', 23, '2025-06-30 12:51:17', 'PEN', 15.53, 18.00, 2.80, 18.33, 'NOTA_VENTA', 'EFECTIVO', NULL, 'EMITIDO', NULL, NULL, NULL, NULL),
	(85, 43, 2, 'SIN_DOCUMENTO', NULL, 'Carlos', NULL, 'NV01', 24, '2025-06-30 12:51:17', 'PEN', 15.53, 18.00, 2.80, 18.33, 'NOTA_VENTA', 'TARJETA', NULL, 'EMITIDO', NULL, NULL, NULL, NULL),
	(86, 43, 2, 'SIN_DOCUMENTO', NULL, 'Franco', NULL, 'NV01', 25, '2025-06-30 12:51:17', 'PEN', 15.53, 18.00, 2.80, 18.33, 'NOTA_VENTA', 'YAPE', NULL, 'EMITIDO', NULL, NULL, NULL, NULL),
	(87, 44, 2, 'DNI', NULL, 'Ahmed', NULL, 'B001', 26, '2025-06-30 19:23:49', 'PEN', 57.63, 18.00, 10.37, 68.00, 'NOTA_VENTA', 'EFECTIVO', NULL, 'EMITIDO', 'QR_DATA_PLACEHOLDER', 'HASH_PLACEHOLDER', NULL, NULL),
	(88, 45, 2, 'SIN_DOCUMENTO', NULL, 'Ahmed', NULL, 'NV01', 27, '2025-06-30 19:31:48', 'PEN', 15.25, 18.00, 2.75, 18.00, 'NOTA_VENTA', 'EFECTIVO', NULL, 'EMITIDO', 'QR_DATA_PLACEHOLDER', 'HASH_PLACEHOLDER', NULL, NULL),
	(89, 46, 2, 'DNI', '72446825', 'AHMED HASAN   AKHTAR OVIEDO', NULL, 'B001', 32, '2025-06-30 19:33:41', 'PEN', 169.49, 18.00, 30.51, 200.00, 'BOLETA', 'EFECTIVO', NULL, 'EMITIDO', 'QR_DATA_PLACEHOLDER', 'HASH_PLACEHOLDER', NULL, NULL),
	(90, 47, 2, 'DNI', '72446825', 'AHMED HASAN   AKHTAR OVIEDO', NULL, 'B001', 33, '2025-06-30 20:16:35', 'PEN', 25.42, 18.00, 4.58, 30.00, 'BOLETA', 'EFECTIVO', NULL, 'EMITIDO', 'QR_DATA_PLACEHOLDER', 'HASH_PLACEHOLDER', NULL, NULL),
	(91, 48, 2, 'SIN_DOCUMENTO', NULL, 'Ahmed', NULL, 'NV01', 28, '2025-06-30 20:18:20', 'PEN', 33.90, 18.00, 6.10, 40.00, 'NOTA_VENTA', 'EFECTIVO', NULL, 'EMITIDO', 'QR_DATA_PLACEHOLDER', 'HASH_PLACEHOLDER', NULL, NULL),
	(92, 49, 2, 'SIN_DOCUMENTO', NULL, 'Brayan', NULL, 'NV01', 29, '2025-06-30 20:19:48', 'PEN', 2.54, 18.00, 0.46, 3.00, 'NOTA_VENTA', 'PLIN', NULL, 'EMITIDO', 'QR_DATA_PLACEHOLDER', 'HASH_PLACEHOLDER', NULL, NULL),
	(93, 50, 2, 'DNI', '72446825', 'AHMED HASAN   AKHTAR OVIEDO', NULL, 'B001', 34, '2025-06-30 20:25:10', 'PEN', 76.27, 18.00, 13.73, 90.00, 'BOLETA', 'EFECTIVO', NULL, 'EMITIDO', 'QR_DATA_PLACEHOLDER', 'HASH_PLACEHOLDER', NULL, NULL),
	(94, 51, 2, 'DNI', '72446825', 'AHMED HASAN   AKHTAR OVIEDO', NULL, 'B001', 35, '2025-06-30 20:26:33', 'PEN', 2.54, 18.00, 0.46, 3.00, 'BOLETA', 'EFECTIVO', NULL, 'EMITIDO', 'QR_DATA_PLACEHOLDER', 'HASH_PLACEHOLDER', NULL, NULL),
	(95, 52, 2, 'SIN_DOCUMENTO', NULL, 'Marcos', NULL, 'NV01', 30, '2025-06-30 20:29:26', 'PEN', 6.78, 18.00, 1.22, 8.00, 'NOTA_VENTA', 'TARJETA', NULL, 'EMITIDO', 'QR_DATA_PLACEHOLDER', 'HASH_PLACEHOLDER', NULL, NULL),
	(96, 53, 2, 'SIN_DOCUMENTO', NULL, 'Ahmed', NULL, 'NV01', 31, '2025-06-30 20:36:53', 'PEN', 38.14, 18.00, 6.86, 45.00, 'NOTA_VENTA', 'PLIN', NULL, 'EMITIDO', 'QR_DATA_PLACEHOLDER', 'HASH_PLACEHOLDER', NULL, NULL),
	(97, 54, 2, 'SIN_DOCUMENTO', NULL, 'Ana', NULL, 'NV01', 32, '2025-06-30 20:39:57', 'PEN', 25.42, 18.00, 4.58, 30.00, 'NOTA_VENTA', 'EFECTIVO', NULL, 'EMITIDO', 'QR_DATA_PLACEHOLDER', 'HASH_PLACEHOLDER', NULL, NULL),
	(99, 55, 2, 'SIN_DOCUMENTO', NULL, 'Marcelo', NULL, 'NV01', 33, '2025-06-30 20:42:05', 'PEN', 12.71, 18.00, 2.29, 15.00, 'NOTA_VENTA', 'EFECTIVO', NULL, 'EMITIDO', 'QR_DATA_PLACEHOLDER', 'HASH_PLACEHOLDER', NULL, NULL),
	(100, 56, 2, 'DNI', '72446825', 'AHMED HASAN   AKHTAR OVIEDO', NULL, 'B001', 36, '2025-06-30 20:44:14', 'PEN', 33.05, 18.00, 5.95, 39.00, 'BOLETA', 'YAPE', NULL, 'EMITIDO', 'QR_DATA_PLACEHOLDER', 'HASH_PLACEHOLDER', NULL, NULL),
	(101, 57, 2, 'SIN_DOCUMENTO', NULL, 'Miguel', NULL, 'NV01', 34, '2025-06-30 20:45:49', 'PEN', 13.56, 18.00, 2.44, 16.00, 'NOTA_VENTA', 'TARJETA', NULL, 'EMITIDO', NULL, NULL, NULL, NULL),
	(102, 57, 2, 'SIN_DOCUMENTO', NULL, 'Juan', NULL, 'NV01', 35, '2025-06-30 20:45:49', 'PEN', 13.56, 18.00, 2.44, 16.00, 'NOTA_VENTA', 'EFECTIVO', NULL, 'EMITIDO', NULL, NULL, NULL, NULL),
	(109, 59, 2, 'SIN_DOCUMENTO', NULL, 'Walter', NULL, 'NV01', 36, '2025-06-30 21:11:03', 'PEN', 20.34, 18.00, 3.66, 24.00, 'NOTA_VENTA', 'EFECTIVO', NULL, 'EMITIDO', NULL, NULL, NULL, NULL),
	(110, 59, 2, 'SIN_DOCUMENTO', NULL, 'Marco', NULL, 'NV01', 37, '2025-06-30 21:11:03', 'PEN', 20.34, 18.00, 3.66, 24.00, 'NOTA_VENTA', 'TARJETA', NULL, 'EMITIDO', NULL, NULL, NULL, NULL),
	(111, 59, 2, 'SIN_DOCUMENTO', NULL, 'Andre', NULL, 'NV01', 38, '2025-06-30 21:11:03', 'PEN', 20.34, 18.00, 3.66, 24.00, 'NOTA_VENTA', 'YAPE', NULL, 'EMITIDO', NULL, NULL, NULL, NULL),
	(112, 58, 2, 'SIN_DOCUMENTO', NULL, 'Ahmed', NULL, 'NV01', 39, '2025-06-30 21:29:24', 'PEN', 40.11, 18.00, 7.22, 47.33, 'NOTA_VENTA', 'EFECTIVO', NULL, 'EMITIDO', NULL, NULL, NULL, NULL),
	(113, 58, 2, 'SIN_DOCUMENTO', NULL, 'Walter', NULL, 'NV01', 40, '2025-06-30 21:29:24', 'PEN', 40.11, 18.00, 7.22, 47.33, 'NOTA_VENTA', 'YAPE', NULL, 'EMITIDO', NULL, NULL, NULL, NULL),
	(114, 58, 2, 'SIN_DOCUMENTO', NULL, 'Franco', NULL, 'NV01', 41, '2025-06-30 21:29:24', 'PEN', 40.11, 18.00, 7.22, 47.33, 'NOTA_VENTA', 'PLIN', NULL, 'EMITIDO', NULL, NULL, NULL, NULL),
	(115, 60, 2, 'SIN_DOCUMENTO', NULL, 'Andre', NULL, 'NV01', 42, '2025-06-30 21:34:59', 'PEN', 12.43, 18.00, 2.24, 14.67, 'NOTA_VENTA', 'TARJETA', NULL, 'EMITIDO', NULL, NULL, NULL, NULL),
	(116, 60, 2, 'SIN_DOCUMENTO', NULL, 'Manuel', NULL, 'NV01', 43, '2025-06-30 21:34:59', 'PEN', 12.43, 18.00, 2.24, 14.67, 'NOTA_VENTA', 'EFECTIVO', NULL, 'EMITIDO', NULL, NULL, NULL, NULL),
	(117, 60, 2, 'SIN_DOCUMENTO', NULL, 'Daniel', NULL, 'NV01', 44, '2025-06-30 21:34:59', 'PEN', 12.43, 18.00, 2.24, 14.67, 'NOTA_VENTA', 'PLIN', NULL, 'EMITIDO', NULL, NULL, NULL, NULL),
	(118, 61, 2, 'SIN_DOCUMENTO', NULL, 'Ahmed', NULL, 'NV01', 45, '2025-06-30 22:29:50', 'PEN', 110.17, 18.00, 19.83, 130.00, 'NOTA_VENTA', 'EFECTIVO', NULL, 'EMITIDO', 'QR_DATA_PLACEHOLDER', 'HASH_PLACEHOLDER', NULL, NULL),
	(119, 62, 2, 'DNI', '72446825', 'AHMED HASAN   AKHTAR OVIEDO', NULL, 'B001', 37, '2025-06-30 23:44:21', 'PEN', 93.22, 18.00, 16.78, 110.00, 'BOLETA', 'EFECTIVO', NULL, 'EMITIDO', 'QR_DATA_PLACEHOLDER', 'HASH_PLACEHOLDER', NULL, NULL),
	(120, 63, 2, 'SIN_DOCUMENTO', NULL, 'Luis', NULL, 'NV01', 46, '2025-07-01 00:43:24', 'PEN', 43.22, 18.00, 7.78, 51.00, 'NOTA_VENTA', 'EFECTIVO', NULL, 'EMITIDO', NULL, NULL, NULL, NULL),
	(121, 63, 2, 'SIN_DOCUMENTO', NULL, 'Jose', NULL, 'NV01', 47, '2025-07-01 00:43:24', 'PEN', 27.97, 18.00, 5.03, 33.00, 'NOTA_VENTA', 'YAPE', NULL, 'EMITIDO', NULL, NULL, NULL, NULL),
	(122, 64, 2, 'SIN_DOCUMENTO', NULL, 'Ahmed', NULL, 'NV01', 48, '2025-07-01 01:05:57', 'PEN', 16.95, 18.00, 3.05, 20.00, 'NOTA_VENTA', 'TARJETA', NULL, 'EMITIDO', NULL, NULL, NULL, NULL),
	(123, 64, 2, 'DNI', '72446825', 'Cliente', NULL, 'B001', 38, '2025-07-01 01:05:57', 'PEN', 30.51, 18.00, 5.49, 36.00, 'BOLETA', 'EFECTIVO', NULL, 'EMITIDO', NULL, NULL, NULL, NULL),
	(124, 64, 2, 'SIN_DOCUMENTO', NULL, 'Walter', NULL, 'NV01', 49, '2025-07-01 01:05:57', 'PEN', 100.00, 18.00, 18.00, 118.00, 'NOTA_VENTA', 'PLIN', NULL, 'EMITIDO', NULL, NULL, NULL, NULL),
	(125, 65, 2, 'SIN_DOCUMENTO', NULL, 'Diego', NULL, 'NV01', 50, '2025-07-01 02:14:07', 'PEN', 16.95, 18.00, 3.05, 20.00, 'NOTA_VENTA', 'PLIN', NULL, 'EMITIDO', NULL, NULL, NULL, NULL),
	(126, 65, 2, 'SIN_DOCUMENTO', NULL, 'Walter', NULL, 'NV01', 51, '2025-07-01 02:14:07', 'PEN', 4.24, 18.00, 0.76, 5.00, 'NOTA_VENTA', 'YAPE', NULL, 'EMITIDO', NULL, NULL, NULL, NULL),
	(127, 65, 2, 'SIN_DOCUMENTO', NULL, 'Cesar', NULL, 'NV01', 52, '2025-07-01 02:14:07', 'PEN', 38.14, 18.00, 6.86, 45.00, 'NOTA_VENTA', 'TARJETA', NULL, 'EMITIDO', NULL, NULL, NULL, NULL),
	(128, 65, 2, 'DNI', '72446825', 'Ahmed', NULL, 'B001', 39, '2025-07-01 02:14:07', 'PEN', 38.14, 18.00, 6.86, 45.00, 'BOLETA', 'EFECTIVO', NULL, 'EMITIDO', NULL, NULL, NULL, NULL),
	(129, 66, 2, 'SIN_DOCUMENTO', NULL, 'Carlos', NULL, 'NV01', 53, '2025-07-01 03:55:38', 'PEN', 5.93, 18.00, 1.07, 7.00, 'NOTA_VENTA', 'TARJETA', NULL, 'EMITIDO', NULL, NULL, NULL, NULL),
	(130, 66, 2, 'DNI', '72446825', 'Cliente', NULL, 'B001', 40, '2025-07-01 03:55:38', 'PEN', 5.93, 18.00, 1.07, 7.00, 'BOLETA', 'PLIN', NULL, 'EMITIDO', NULL, NULL, NULL, NULL),
	(131, 66, 2, 'SIN_DOCUMENTO', NULL, 'David', NULL, 'NV01', 54, '2025-07-01 03:55:38', 'PEN', 5.93, 18.00, 1.07, 7.00, 'NOTA_VENTA', 'EFECTIVO', NULL, 'EMITIDO', NULL, NULL, NULL, NULL),
	(132, 67, 2, 'DNI', '77804242', 'DAVID JORDAN   ANAMPA PANCCA', NULL, 'B001', 41, '2025-07-01 03:56:29', 'PEN', 16.95, 18.00, 3.05, 20.00, 'BOLETA', 'EFECTIVO', NULL, 'EMITIDO', 'QR_DATA_PLACEHOLDER', 'HASH_PLACEHOLDER', NULL, NULL),
	(133, 68, 2, 'SIN_DOCUMENTO', NULL, 'Ahmed', NULL, 'NV01', 55, '2025-07-01 04:41:06', 'PEN', 16.95, 18.00, 3.05, 20.00, 'NOTA_VENTA', 'TARJETA', NULL, 'EMITIDO', 'QR_DATA_PLACEHOLDER', 'HASH_PLACEHOLDER', NULL, NULL),
	(134, 69, 2, 'DNI', '72446825', 'AHMED HASAN   AKHTAR OVIEDO', NULL, 'B001', 42, '2025-07-01 09:51:28', 'PEN', 30.51, 18.00, 5.49, 36.00, 'BOLETA', 'YAPE', NULL, 'EMITIDO', 'QR_DATA_PLACEHOLDER', 'HASH_PLACEHOLDER', NULL, NULL),
	(135, 70, 2, 'DNI', '72446825', 'AHMED HASAN   AKHTAR OVIEDO', NULL, 'B001', 43, '2025-07-09 10:23:31', 'PEN', 588.98, 18.00, 106.02, 695.00, 'BOLETA', 'PLIN', NULL, 'EMITIDO', 'QR_DATA_PLACEHOLDER', 'HASH_PLACEHOLDER', NULL, NULL);

CREATE TABLE IF NOT EXISTS `mesas` (
  `id_mesa` int(10) unsigned NOT NULL AUTO_INCREMENT,
  `numero_mesa` varchar(10) NOT NULL COMMENT 'Número o código identificador de la mesa',
  `estado` enum('disponible','ocupada') NOT NULL DEFAULT 'disponible' COMMENT 'Estado actual de la mesa',
  `fecha_creacion` timestamp NULL DEFAULT current_timestamp(),
  `fecha_actualizacion` timestamp NULL DEFAULT current_timestamp() ON UPDATE current_timestamp(),
  PRIMARY KEY (`id_mesa`),
  UNIQUE KEY `numero_mesa` (`numero_mesa`),
  KEY `idx_mesa_estado` (`estado`)
) ENGINE=InnoDB AUTO_INCREMENT=23 DEFAULT CHARSET=utf8mb4 COLLATE=utf8mb4_unicode_ci COMMENT='Mesas del establecimiento';

INSERT INTO `mesas` (`id_mesa`, `numero_mesa`, `estado`, `fecha_creacion`, `fecha_actualizacion`) VALUES
	(1, '01', 'disponible', '2025-05-27 04:10:49', '2025-07-09 05:23:31'),
	(2, '02', 'disponible', '2025-05-27 04:10:49', '2025-07-01 04:51:28'),
	(3, '03', 'disponible', '2025-05-27 04:10:49', '2025-06-30 22:56:29'),
	(4, '04', 'disponible', '2025-05-27 05:48:18', '2025-06-30 15:44:14'),
	(5, '05', 'disponible', '2025-05-28 15:27:43', '2025-06-30 03:56:36'),
	(6, '06', 'disponible', '2025-05-28 15:27:48', '2025-06-30 16:29:24'),
	(7, '07', 'disponible', '2025-05-28 15:27:52', '2025-06-30 20:05:57'),
	(8, '08', 'disponible', '2025-05-28 15:28:07', '2025-05-28 15:28:07'),
	(9, '09', 'disponible', '2025-05-28 15:28:11', '2025-06-30 15:18:20'),
	(10, '10', 'disponible', '2025-05-28 15:28:15', '2025-06-08 16:32:23'),
	(11, '11', 'disponible', '2025-05-28 15:28:18', '2025-06-30 19:43:24'),
	(12, '12', 'disponible', '2025-05-28 15:30:39', '2025-06-30 16:11:03'),
	(13, '13', 'disponible', '2025-05-28 15:30:39', '2025-06-30 15:36:53'),
	(14, '14', 'disponible', '2025-05-28 15:30:39', '2025-06-02 21:25:12'),
	(15, '15', 'disponible', '2025-05-28 15:30:39', '2025-06-30 07:00:31'),
	(16, '16', 'disponible', '2025-05-28 15:30:39', '2025-05-28 15:30:39'),
	(17, '17', 'disponible', '2025-05-28 15:30:39', '2025-06-30 17:29:50'),
	(18, '18', 'disponible', '2025-05-28 15:30:39', '2025-06-30 15:26:33'),
	(19, '19', 'disponible', '2025-05-28 15:30:39', '2025-05-28 15:30:39'),
	(20, '20', 'disponible', '2025-05-28 15:30:39', '2025-05-28 15:30:39'),
	(21, '21', 'disponible', '2025-05-28 15:30:39', '2025-06-30 15:25:10'),
	(22, '22', 'disponible', '2025-05-28 15:30:39', '2025-06-02 21:22:46');

CREATE TABLE IF NOT EXISTS `migrations` (
  `id` int(10) unsigned NOT NULL AUTO_INCREMENT,
  `migration` varchar(255) NOT NULL,
  `batch` int(11) NOT NULL,
  PRIMARY KEY (`id`)
) ENGINE=InnoDB AUTO_INCREMENT=33 DEFAULT CHARSET=utf8mb4 COLLATE=utf8mb4_unicode_ci;

INSERT INTO `migrations` (`id`, `migration`, `batch`) VALUES
	(1, '2025_06_29_061656_create_categorias_producto_table', 0),
	(2, '2025_06_29_061656_create_comprobantes_table', 0),
	(3, '2025_06_29_061656_create_mesas_table', 0),
	(4, '2025_06_29_061656_create_pagos_pedido_detalle_table', 0),
	(5, '2025_06_29_061656_create_pedido_detalles_table', 0),
	(6, '2025_06_29_061656_create_pedidos_table', 0),
	(7, '2025_06_29_061656_create_productos_table', 0),
	(8, '2025_06_29_061656_create_promocion_productos_table', 0),
	(9, '2025_06_29_061656_create_promociones_table', 0),
	(10, '2025_06_29_061656_create_usuarios_table', 0),
	(11, '2025_06_29_061659_add_foreign_keys_to_comprobantes_table', 0),
	(12, '2025_06_29_061659_add_foreign_keys_to_pagos_pedido_detalle_table', 0),
	(13, '2025_06_29_061659_add_foreign_keys_to_pedido_detalles_table', 0),
	(14, '2025_06_29_061659_add_foreign_keys_to_pedidos_table', 0),
	(15, '2025_06_29_061659_add_foreign_keys_to_productos_table', 0),
	(16, '2025_06_29_061659_add_foreign_keys_to_promocion_productos_table', 0),
	(17, '2025_06_30_062417_create_categorias_producto_table', 1),
	(18, '2025_06_30_062417_create_comprobantes_table', 1),
	(19, '2025_06_30_062417_create_mesas_table', 1),
	(20, '2025_06_30_062417_create_pagos_pedido_detalle_table', 1),
	(21, '2025_06_30_062417_create_pedido_detalles_table', 1),
	(22, '2025_06_30_062417_create_pedidos_table', 1),
	(23, '2025_06_30_062417_create_productos_table', 1),
	(24, '2025_06_30_062417_create_promocion_productos_table', 1),
	(25, '2025_06_30_062417_create_promociones_table', 1),
	(26, '2025_06_30_062417_create_usuarios_table', 1),
	(27, '2025_06_30_062420_add_foreign_keys_to_comprobantes_table', 1),
	(28, '2025_06_30_062420_add_foreign_keys_to_pagos_pedido_detalle_table', 1),
	(29, '2025_06_30_062420_add_foreign_keys_to_pedido_detalles_table', 1),
	(30, '2025_06_30_062420_add_foreign_keys_to_pedidos_table', 1),
	(31, '2025_06_30_062420_add_foreign_keys_to_productos_table', 1),
	(32, '2025_06_30_062420_add_foreign_keys_to_promocion_productos_table', 1);

CREATE TABLE IF NOT EXISTS `pagos_pedido_detalle` (
  `id_pago_pedido_detalle` bigint(20) unsigned NOT NULL AUTO_INCREMENT,
  `id_comprobante` bigint(20) unsigned NOT NULL COMMENT 'FK al comprobante general al que pertenece este detalle de pago',
  `id_pedido_detalle` bigint(20) unsigned NOT NULL COMMENT 'FK al ítem específico del pedido (de la tabla Pedido_Detalles) que se está pagando con este método',
  `cantidad_item_pagada` int(10) unsigned NOT NULL DEFAULT 1 COMMENT 'Cantidad del ítem referenciado en id_pedido_detalle que es cubierta por esta línea de pago. Ej: Si Pedido_Detalles tiene 3 Cervezas y 1 se paga con Yape, cantidad_item_pagada sería 1.',
  `monto_pagado` decimal(10,2) NOT NULL COMMENT 'Monto exacto cubierto por esta línea de pago para la cantidad_item_pagada. Idealmente, este monto es (Pedido_Detalles.precio_unitario_momento * Pagos_Pedido_Detalle.cantidad_item_pagada).',
  `metodo_pago` enum('EFECTIVO','TARJETA','YAPE','PLIN','TRANSFERENCIA') NOT NULL COMMENT 'Método de pago específico utilizado para esta porción del ítem del pedido.',
  `referencia_pago` varchar(100) DEFAULT NULL COMMENT 'Referencia asociada a este pago específico (ej: ID de transacción Yape/Plin, últimos 4 dígitos de tarjeta, etc.)',
  `fecha_creacion` timestamp NULL DEFAULT current_timestamp(),
  `fecha_actualizacion` timestamp NULL DEFAULT current_timestamp() ON UPDATE current_timestamp(),
  PRIMARY KEY (`id_pago_pedido_detalle`),
  KEY `fk_pagos_pedido_detalle_comprobante` (`id_comprobante`),
  KEY `fk_pagos_pedido_detalle_pedido_detalle` (`id_pedido_detalle`),
  KEY `idx_pagos_pedido_detalle_metodo_pago` (`metodo_pago`),
  CONSTRAINT `fk_pagos_pedido_detalle_comprobante` FOREIGN KEY (`id_comprobante`) REFERENCES `comprobantes` (`id_comprobante`) ON DELETE CASCADE ON UPDATE CASCADE,
  CONSTRAINT `fk_pagos_pedido_detalle_pedido_detalle` FOREIGN KEY (`id_pedido_detalle`) REFERENCES `pedido_detalles` (`id_pedido_detalle`) ON UPDATE CASCADE
) ENGINE=InnoDB AUTO_INCREMENT=133 DEFAULT CHARSET=utf8mb4 COLLATE=utf8mb4_unicode_ci COMMENT='Detalla los métodos de pago para ítems específicos o cantidades de ítems dentro de un comprobante.';

INSERT INTO `pagos_pedido_detalle` (`id_pago_pedido_detalle`, `id_comprobante`, `id_pedido_detalle`, `cantidad_item_pagada`, `monto_pagado`, `metodo_pago`, `referencia_pago`, `fecha_creacion`, `fecha_actualizacion`) VALUES
	(5, 7, 17, 3, 36.00, 'YAPE', 'REF-00000001-17', '2025-06-02 05:15:21', '2025-06-02 05:15:21'),
	(6, 8, 16, 3, 75.00, 'YAPE', 'REF-00000002-16', '2025-06-02 16:29:28', '2025-06-02 16:29:28'),
	(7, 8, 18, 2, 500.00, 'YAPE', 'REF-00000002-18', '2025-06-02 16:29:28', '2025-06-02 16:29:28'),
	(8, 9, 19, 3, 3000.00, 'YAPE', 'REF-00000003-19', '2025-06-02 21:25:12', '2025-06-02 21:25:12'),
	(9, 10, 21, 2, 50.00, 'YAPE', 'REF-00000004-21', '2025-06-04 22:33:06', '2025-06-04 22:33:06'),
	(10, 11, 24, 2, 500.00, 'YAPE', 'REF-00000005-24', '2025-06-05 19:56:00', '2025-06-05 19:56:00'),
	(11, 12, 25, 4, 100.00, 'YAPE', 'REF-00000006-25', '2025-06-06 00:51:51', '2025-06-06 00:51:51'),
	(12, 13, 23, 3, 45.00, 'YAPE', 'REF-00000007-23', '2025-06-08 16:32:23', '2025-06-08 16:32:23'),
	(13, 14, 22, 2, 34.00, 'YAPE', 'REF-00000008-22', '2025-06-08 16:35:10', '2025-06-08 16:35:10'),
	(14, 15, 20, 2, 2000.00, 'YAPE', 'REF-00000009-20', '2025-06-08 16:44:49', '2025-06-08 16:44:49'),
	(15, 16, 13, 2, 280.00, 'YAPE', 'REF-00000010-13', '2025-06-08 21:30:31', '2025-06-08 21:30:31'),
	(16, 16, 14, 3, 36.00, 'YAPE', 'REF-00000010-14', '2025-06-08 21:30:31', '2025-06-08 21:30:31'),
	(17, 17, 7, 1, 18.00, 'EFECTIVO', 'REF-00000011-7', '2025-06-15 04:02:24', '2025-06-15 04:02:24'),
	(18, 17, 15, 2, 34.00, 'EFECTIVO', 'REF-00000011-15', '2025-06-15 04:02:24', '2025-06-15 04:02:24'),
	(19, 18, 4, 2, 24.00, 'EFECTIVO', 'REF-00000012-4', '2025-06-16 07:56:26', '2025-06-16 07:56:26'),
	(20, 18, 26, 3, 51.00, 'EFECTIVO', 'REF-00000012-26', '2025-06-16 07:56:26', '2025-06-16 07:56:26'),
	(21, 19, 3, 3, 45.00, 'EFECTIVO', 'REF-00000013-3', '2025-06-19 05:06:12', '2025-06-19 05:06:12'),
	(22, 19, 27, 1, 250.00, 'EFECTIVO', 'REF-00000013-27', '2025-06-19 05:06:12', '2025-06-19 05:06:12'),
	(23, 19, 28, 10, 20.00, 'EFECTIVO', 'REF-00000013-28', '2025-06-19 05:06:12', '2025-06-19 05:06:12'),
	(24, 19, 29, 4, 8.00, 'EFECTIVO', 'REF-00000013-29', '2025-06-19 05:06:12', '2025-06-19 05:06:12'),
	(25, 19, 30, 5, 125.00, 'EFECTIVO', 'REF-00000013-30', '2025-06-19 05:06:12', '2025-06-19 05:06:12'),
	(26, 20, 32, 6, 1500.00, 'EFECTIVO', 'REF-00000014-32', '2025-06-23 21:12:01', '2025-06-23 21:12:01'),
	(27, 20, 33, 5, 1000.00, 'EFECTIVO', 'REF-00000014-33', '2025-06-23 21:12:01', '2025-06-23 21:12:01'),
	(28, 20, 34, 3, 6.00, 'EFECTIVO', 'REF-00000014-34', '2025-06-23 21:12:01', '2025-06-23 21:12:01'),
	(29, 21, 36, 3, 750.00, 'EFECTIVO', 'REF-00000015-36', '2025-06-24 01:19:46', '2025-06-24 01:19:46'),
	(30, 22, 37, 6, 12.00, 'PLIN', 'REF-00000016-37', '2025-06-28 15:43:18', '2025-06-28 15:43:18'),
	(31, 23, 38, 3, 18.00, 'YAPE', 'REF-00000017-38', '2025-06-28 16:04:53', '2025-06-28 16:04:53'),
	(32, 24, 35, 5, 10.00, 'YAPE', 'REF-00000018-35', '2025-06-28 20:00:07', '2025-06-28 20:00:07'),
	(33, 24, 39, 1, 6.00, 'YAPE', 'REF-00000018-39', '2025-06-28 20:00:07', '2025-06-28 20:00:07'),
	(34, 25, 46, 2, 4.00, 'EFECTIVO', 'REF-00000019-46', '2025-06-29 00:55:22', '2025-06-29 00:55:22'),
	(35, 25, 47, 1, 20.00, 'EFECTIVO', 'REF-00000019-47', '2025-06-29 00:55:22', '2025-06-29 00:55:22'),
	(36, 26, 44, 2, 10.00, 'YAPE', 'REF-00000020-44', '2025-06-29 04:37:40', '2025-06-29 04:37:40'),
	(37, 26, 48, 1, 15.00, 'YAPE', 'REF-00000020-48', '2025-06-29 04:37:40', '2025-06-29 04:37:40'),
	(38, 26, 49, 1, 3.00, 'YAPE', 'REF-00000020-49', '2025-06-29 04:37:40', '2025-06-29 04:37:40'),
	(39, 26, 50, 2, 28.00, 'YAPE', 'REF-00000020-50', '2025-06-29 04:37:40', '2025-06-29 04:37:40'),
	(40, 26, 51, 1, 18.00, 'YAPE', 'REF-00000020-51', '2025-06-29 04:37:40', '2025-06-29 04:37:40'),
	(41, 26, 52, 2, 100.00, 'YAPE', 'REF-00000020-52', '2025-06-29 04:37:40', '2025-06-29 04:37:40'),
	(42, 26, 53, 2, 24.00, 'YAPE', 'REF-00000020-53', '2025-06-29 04:37:40', '2025-06-29 04:37:40'),
	(43, 26, 54, 2, 50.00, 'YAPE', 'REF-00000020-54', '2025-06-29 04:37:40', '2025-06-29 04:37:40'),
	(44, 32, 60, 1, 20.00, 'TARJETA', 'REF-00000026-60', '2025-06-29 06:20:57', '2025-06-29 06:20:57'),
	(45, 33, 61, 1, 20.00, 'TARJETA', 'REF-00000027-61', '2025-06-29 06:57:43', '2025-06-29 06:57:43'),
	(46, 34, 62, 1, 8.00, 'EFECTIVO', 'REF-00000028-62', '2025-06-29 07:52:41', '2025-06-29 07:52:41'),
	(47, 35, 63, 1, 20.00, 'TARJETA', 'REF-00000029-63', '2025-06-29 23:25:51', '2025-06-29 23:25:51'),
	(48, 35, 64, 1, 3.00, 'TARJETA', 'REF-00000029-64', '2025-06-29 23:25:51', '2025-06-29 23:25:51'),
	(49, 35, 65, 1, 15.00, 'TARJETA', 'REF-00000029-65', '2025-06-29 23:25:51', '2025-06-29 23:25:51'),
	(50, 35, 66, 1, 8.00, 'TARJETA', 'REF-00000029-66', '2025-06-29 23:25:51', '2025-06-29 23:25:51'),
	(51, 35, 67, 1, 25.00, 'TARJETA', 'REF-00000029-67', '2025-06-29 23:25:51', '2025-06-29 23:25:51'),
	(52, 35, 68, 1, 25.00, 'TARJETA', 'REF-00000029-68', '2025-06-29 23:25:51', '2025-06-29 23:25:51'),
	(53, 35, 69, 1, 40.00, 'TARJETA', 'REF-00000029-69', '2025-06-29 23:25:51', '2025-06-29 23:25:51'),
	(54, 35, 70, 1, 30.00, 'TARJETA', 'REF-00000029-70', '2025-06-29 23:25:51', '2025-06-29 23:25:51'),
	(55, 36, 71, 2, 20.00, 'TARJETA', 'REF-00000001-71', '2025-06-29 23:30:23', '2025-06-29 23:30:23'),
	(56, 36, 72, 2, 40.00, 'TARJETA', 'REF-00000001-72', '2025-06-29 23:30:23', '2025-06-29 23:30:23'),
	(57, 36, 73, 2, 130.00, 'TARJETA', 'REF-00000001-73', '2025-06-29 23:30:23', '2025-06-29 23:30:23'),
	(58, 36, 74, 2, 40.00, 'TARJETA', 'REF-00000001-74', '2025-06-29 23:30:23', '2025-06-29 23:30:23'),
	(59, 36, 75, 2, 130.00, 'TARJETA', 'REF-00000001-75', '2025-06-29 23:30:23', '2025-06-29 23:30:23'),
	(60, 36, 76, 2, 40.00, 'TARJETA', 'REF-00000001-76', '2025-06-29 23:30:23', '2025-06-29 23:30:23'),
	(61, 54, 86, 1, 25.00, 'EFECTIVO', 'REF-00000017-86', '2025-06-30 06:48:19', '2025-06-30 06:48:19'),
	(62, 54, 87, 1, 14.00, 'EFECTIVO', 'REF-00000017-87', '2025-06-30 06:48:19', '2025-06-30 06:48:19'),
	(63, 54, 88, 1, 45.00, 'EFECTIVO', 'REF-00000017-88', '2025-06-30 06:48:19', '2025-06-30 06:48:19'),
	(64, 55, 89, 1, 20.00, 'EFECTIVO', 'REF-00000030-89', '2025-06-30 07:00:31', '2025-06-30 07:00:31'),
	(65, 55, 90, 1, 3.00, 'EFECTIVO', 'REF-00000030-90', '2025-06-30 07:00:31', '2025-06-30 07:00:31'),
	(66, 55, 91, 1, 25.00, 'EFECTIVO', 'REF-00000030-91', '2025-06-30 07:00:31', '2025-06-30 07:00:31'),
	(67, 56, 92, 1, 20.00, 'EFECTIVO', 'REF-00000031-92', '2025-06-30 07:07:51', '2025-06-30 07:07:51'),
	(68, 57, 93, 1, 14.00, 'EFECTIVO', 'REF-00000018-93', '2025-06-30 07:13:34', '2025-06-30 07:13:34'),
	(69, 67, 94, 1, 20.00, 'EFECTIVO', 'REF-00000019-94', '2025-06-30 07:37:28', '2025-06-30 07:37:28'),
	(70, 67, 95, 1, 10.00, 'EFECTIVO', 'REF-00000019-95', '2025-06-30 07:37:28', '2025-06-30 07:37:28'),
	(71, 67, 96, 1, 130.00, 'EFECTIVO', 'REF-00000019-96', '2025-06-30 07:37:28', '2025-06-30 07:37:28'),
	(72, 67, 97, 1, 120.00, 'EFECTIVO', 'REF-00000019-97', '2025-06-30 07:37:28', '2025-06-30 07:37:28'),
	(73, 67, 98, 1, 20.00, 'EFECTIVO', 'REF-00000019-98', '2025-06-30 07:37:28', '2025-06-30 07:37:28'),
	(74, 67, 99, 1, 20.00, 'EFECTIVO', 'REF-00000019-99', '2025-06-30 07:37:28', '2025-06-30 07:37:28'),
	(75, 67, 100, 1, 40.00, 'EFECTIVO', 'REF-00000019-100', '2025-06-30 07:37:28', '2025-06-30 07:37:28'),
	(76, 67, 101, 1, 65.00, 'EFECTIVO', 'REF-00000019-101', '2025-06-30 07:37:28', '2025-06-30 07:37:28'),
	(77, 87, 106, 1, 18.00, 'EFECTIVO', 'REF-00000026-106', '2025-06-30 14:23:49', '2025-06-30 14:23:49'),
	(78, 87, 107, 1, 50.00, 'EFECTIVO', 'REF-00000026-107', '2025-06-30 14:23:49', '2025-06-30 14:23:49'),
	(79, 88, 108, 1, 18.00, 'EFECTIVO', 'REF-00000027-108', '2025-06-30 14:31:48', '2025-06-30 14:31:48'),
	(80, 89, 109, 1, 200.00, 'EFECTIVO', 'REF-00000032-109', '2025-06-30 14:33:41', '2025-06-30 14:33:41'),
	(81, 90, 110, 1, 30.00, 'EFECTIVO', 'REF-00000033-110', '2025-06-30 15:16:35', '2025-06-30 15:16:35'),
	(82, 91, 111, 1, 30.00, 'EFECTIVO', 'REF-00000028-111', '2025-06-30 15:18:20', '2025-06-30 15:18:20'),
	(83, 91, 112, 1, 10.00, 'EFECTIVO', 'REF-00000028-112', '2025-06-30 15:18:20', '2025-06-30 15:18:20'),
	(84, 92, 113, 1, 3.00, 'PLIN', 'REF-00000029-113', '2025-06-30 15:19:48', '2025-06-30 15:19:48'),
	(85, 93, 114, 1, 45.00, 'EFECTIVO', 'REF-00000034-114', '2025-06-30 15:25:10', '2025-06-30 15:25:10'),
	(86, 93, 115, 1, 45.00, 'EFECTIVO', 'REF-00000034-115', '2025-06-30 15:25:10', '2025-06-30 15:25:10'),
	(87, 94, 116, 1, 3.00, 'EFECTIVO', 'REF-00000035-116', '2025-06-30 15:26:33', '2025-06-30 15:26:33'),
	(88, 95, 117, 1, 8.00, 'TARJETA', 'REF-00000030-117', '2025-06-30 15:29:26', '2025-06-30 15:29:26'),
	(89, 96, 118, 1, 20.00, 'PLIN', 'REF-00000031-118', '2025-06-30 15:36:53', '2025-06-30 15:36:53'),
	(90, 96, 119, 1, 25.00, 'PLIN', 'REF-00000031-119', '2025-06-30 15:36:53', '2025-06-30 15:36:53'),
	(91, 97, 120, 1, 30.00, 'EFECTIVO', 'REF-00000032-120', '2025-06-30 15:39:57', '2025-06-30 15:39:57'),
	(92, 99, 121, 1, 15.00, 'EFECTIVO', 'REF-00000033-121', '2025-06-30 15:42:05', '2025-06-30 15:42:05'),
	(93, 100, 122, 1, 25.00, 'YAPE', 'REF-00000036-122', '2025-06-30 15:44:14', '2025-06-30 15:44:14'),
	(94, 100, 123, 1, 14.00, 'YAPE', 'REF-00000036-123', '2025-06-30 15:44:14', '2025-06-30 15:44:14'),
	(95, 118, 133, 1, 20.00, 'EFECTIVO', 'REF-00000045-133', '2025-06-30 17:29:50', '2025-06-30 17:29:50'),
	(96, 118, 134, 1, 3.00, 'EFECTIVO', 'REF-00000045-134', '2025-06-30 17:29:50', '2025-06-30 17:29:50'),
	(97, 118, 135, 4, 32.00, 'EFECTIVO', 'REF-00000045-135', '2025-06-30 17:29:50', '2025-06-30 17:29:50'),
	(98, 118, 136, 3, 75.00, 'EFECTIVO', 'REF-00000045-136', '2025-06-30 17:29:50', '2025-06-30 17:29:50'),
	(99, 119, 137, 1, 20.00, 'EFECTIVO', 'REF-00000037-137', '2025-06-30 18:44:21', '2025-06-30 18:44:21'),
	(100, 119, 138, 1, 3.00, 'EFECTIVO', 'REF-00000037-138', '2025-06-30 18:44:21', '2025-06-30 18:44:21'),
	(101, 119, 139, 1, 15.00, 'EFECTIVO', 'REF-00000037-139', '2025-06-30 18:44:21', '2025-06-30 18:44:21'),
	(102, 119, 140, 1, 18.00, 'EFECTIVO', 'REF-00000037-140', '2025-06-30 18:44:21', '2025-06-30 18:44:21'),
	(103, 119, 141, 3, 54.00, 'EFECTIVO', 'REF-00000037-141', '2025-06-30 18:44:21', '2025-06-30 18:44:21'),
	(104, 120, 142, 2, 36.00, 'EFECTIVO', 'REF-00000046-142', '2025-06-30 19:43:24', '2025-06-30 19:43:24'),
	(105, 120, 143, 1, 15.00, 'EFECTIVO', 'REF-00000046-143', '2025-06-30 19:43:24', '2025-06-30 19:43:24'),
	(106, 121, 142, 1, 18.00, 'YAPE', 'REF-00000047-142', '2025-06-30 19:43:24', '2025-06-30 19:43:24'),
	(107, 121, 143, 1, 15.00, 'YAPE', 'REF-00000047-143', '2025-06-30 19:43:24', '2025-06-30 19:43:24'),
	(108, 122, 144, 1, 20.00, 'TARJETA', 'REF-00000048-144', '2025-06-30 20:05:57', '2025-06-30 20:05:57'),
	(109, 123, 145, 1, 18.00, 'EFECTIVO', 'REF-00000038-145', '2025-06-30 20:05:57', '2025-06-30 20:05:57'),
	(110, 123, 146, 1, 18.00, 'EFECTIVO', 'REF-00000038-146', '2025-06-30 20:05:57', '2025-06-30 20:05:57'),
	(111, 124, 146, 1, 18.00, 'PLIN', 'REF-00000049-146', '2025-06-30 20:05:57', '2025-06-30 20:05:57'),
	(112, 124, 147, 2, 100.00, 'PLIN', 'REF-00000049-147', '2025-06-30 20:05:57', '2025-06-30 20:05:57'),
	(113, 125, 148, 1, 20.00, 'PLIN', 'REF-00000050-148', '2025-06-30 21:14:07', '2025-06-30 21:14:07'),
	(114, 126, 149, 1, 5.00, 'YAPE', 'REF-00000051-149', '2025-06-30 21:14:07', '2025-06-30 21:14:07'),
	(115, 127, 150, 1, 45.00, 'TARJETA', 'REF-00000052-150', '2025-06-30 21:14:07', '2025-06-30 21:14:07'),
	(116, 128, 151, 1, 45.00, 'EFECTIVO', 'REF-00000039-151', '2025-06-30 21:14:07', '2025-06-30 21:14:07'),
	(117, 129, 152, 1, 7.00, 'TARJETA', 'REF-00000053-152', '2025-06-30 22:55:38', '2025-06-30 22:55:38'),
	(118, 130, 153, 1, 7.00, 'PLIN', 'REF-00000040-153', '2025-06-30 22:55:38', '2025-06-30 22:55:38'),
	(119, 131, 153, 1, 7.00, 'EFECTIVO', 'REF-00000054-153', '2025-06-30 22:55:38', '2025-06-30 22:55:38'),
	(120, 132, 154, 1, 20.00, 'EFECTIVO', 'REF-00000041-154', '2025-06-30 22:56:29', '2025-06-30 22:56:29'),
	(121, 133, 158, 1, 20.00, 'TARJETA', 'REF-00000055-158', '2025-06-30 23:41:06', '2025-06-30 23:41:06'),
	(122, 134, 159, 1, 20.00, 'YAPE', 'REF-00000042-159', '2025-07-01 04:51:28', '2025-07-01 04:51:28'),
	(123, 134, 160, 1, 7.00, 'YAPE', 'REF-00000042-160', '2025-07-01 04:51:28', '2025-07-01 04:51:28'),
	(124, 134, 161, 3, 9.00, 'YAPE', 'REF-00000042-161', '2025-07-01 04:51:28', '2025-07-01 04:51:28'),
	(125, 135, 162, 4, 72.00, 'PLIN', 'REF-00000043-162', '2025-07-09 05:23:31', '2025-07-09 05:23:31'),
	(126, 135, 163, 1, 18.00, 'PLIN', 'REF-00000043-163', '2025-07-09 05:23:31', '2025-07-09 05:23:31'),
	(127, 135, 164, 1, 3.00, 'PLIN', 'REF-00000043-164', '2025-07-09 05:23:31', '2025-07-09 05:23:31'),
	(128, 135, 165, 2, 6.00, 'PLIN', 'REF-00000043-165', '2025-07-09 05:23:31', '2025-07-09 05:23:31'),
	(129, 135, 166, 4, 72.00, 'PLIN', 'REF-00000043-166', '2025-07-09 05:23:31', '2025-07-09 05:23:31'),
	(130, 135, 167, 16, 224.00, 'PLIN', 'REF-00000043-167', '2025-07-09 05:23:31', '2025-07-09 05:23:31'),
	(131, 135, 168, 13, 260.00, 'PLIN', 'REF-00000043-168', '2025-07-09 05:23:31', '2025-07-09 05:23:31'),
	(132, 135, 169, 2, 40.00, 'PLIN', 'REF-00000043-169', '2025-07-09 05:23:31', '2025-07-09 05:23:31');

CREATE TABLE IF NOT EXISTS `pedidos` (
  `id_pedido` bigint(20) unsigned NOT NULL AUTO_INCREMENT,
  `id_mesa` int(10) unsigned NOT NULL COMMENT 'FK a la mesa donde se realiza el pedido',
  `id_usuario_mesero` int(10) unsigned NOT NULL COMMENT 'FK al usuario (mesero) que tomó el pedido',
  `fecha_hora_pedido` timestamp NULL DEFAULT current_timestamp() COMMENT 'Fecha y hora en que se realizó el pedido',
  `estado_pedido` enum('PENDIENTE','EN_PREPARACION','LISTO_PARA_SERVIR','SERVIDO','CANCELADO','PAGADO') NOT NULL DEFAULT 'PENDIENTE' COMMENT 'Estado general del pedido',
  `total_pedido` decimal(10,2) NOT NULL DEFAULT 0.00 COMMENT 'Monto total del pedido (calculado)',
  `notas_adicionales` text DEFAULT NULL COMMENT 'Instrucciones especiales o comentarios del cliente para el pedido general',
  `fecha_actualizacion` timestamp NULL DEFAULT current_timestamp() ON UPDATE current_timestamp(),
  PRIMARY KEY (`id_pedido`),
  KEY `fk_pedido_mesa` (`id_mesa`),
  KEY `fk_pedido_usuario_mesero` (`id_usuario_mesero`),
  KEY `idx_pedido_estado` (`estado_pedido`),
  KEY `idx_pedido_fecha` (`fecha_hora_pedido`),
  CONSTRAINT `fk_pedido_mesa` FOREIGN KEY (`id_mesa`) REFERENCES `mesas` (`id_mesa`) ON UPDATE CASCADE,
  CONSTRAINT `fk_pedido_usuario_mesero` FOREIGN KEY (`id_usuario_mesero`) REFERENCES `usuarios` (`id_usuario`) ON UPDATE CASCADE
) ENGINE=InnoDB AUTO_INCREMENT=71 DEFAULT CHARSET=utf8mb4 COLLATE=utf8mb4_unicode_ci COMMENT='Pedidos de los clientes';

INSERT INTO `pedidos` (`id_pedido`, `id_mesa`, `id_usuario_mesero`, `fecha_hora_pedido`, `estado_pedido`, `total_pedido`, `notas_adicionales`, `fecha_actualizacion`) VALUES
	(2, 11, 2, '2025-05-26 17:45:00', 'PAGADO', 448.00, NULL, '2025-06-19 05:06:12'),
	(3, 3, 2, '2025-05-26 18:00:00', 'PAGADO', 75.00, 'Extra hielo', '2025-06-16 07:56:26'),
	(4, 21, 2, '2025-05-28 15:16:07', 'PAGADO', 52.00, 'pepe', '2025-06-15 04:02:24'),
	(5, 5, 2, '2025-06-02 07:03:35', 'PAGADO', 316.00, NULL, '2025-06-08 21:30:31'),
	(6, 10, 2, '2025-06-02 07:53:56', 'PAGADO', 575.00, 'GOGOGO', '2025-06-02 16:29:28'),
	(7, 18, 2, '2025-06-02 07:58:10', 'PAGADO', 36.00, 'pipi', '2025-06-02 05:15:21'),
	(8, 14, 2, '2025-06-03 02:23:30', 'PAGADO', 3000.00, 'MANZANA DULCE, ANTIDIABETICOS', '2025-06-02 21:25:12'),
	(9, 6, 2, '2025-06-03 02:54:14', 'PAGADO', 2000.00, NULL, '2025-06-08 16:44:49'),
	(10, 11, 2, '2025-06-05 03:31:54', 'PAGADO', 50.00, 'Nota', '2025-06-04 22:33:06'),
	(11, 12, 2, '2025-06-05 23:56:49', 'PAGADO', 34.00, NULL, '2025-06-08 16:35:10'),
	(12, 10, 2, '2025-06-05 23:57:22', 'PAGADO', 45.00, '5', '2025-06-08 16:32:23'),
	(13, 11, 2, '2025-06-05 23:57:45', 'PAGADO', 500.00, '05', '2025-06-05 19:56:00'),
	(14, 11, 2, '2025-06-06 05:50:28', 'PAGADO', 100.00, 'nota1', '2025-06-06 00:51:51'),
	(16, 5, 2, '2025-06-19 10:39:22', 'PAGADO', 2506.00, NULL, '2025-06-23 21:12:01'),
	(17, 3, 2, '2025-06-24 02:39:28', 'PAGADO', 16.00, NULL, '2025-06-28 20:00:07'),
	(18, 2, 2, '2025-06-24 02:41:36', 'PAGADO', 750.00, NULL, '2025-06-24 01:19:46'),
	(19, 12, 2, '2025-06-24 06:22:16', 'PAGADO', 12.00, NULL, '2025-06-28 15:43:18'),
	(20, 2, 2, '2025-06-28 21:04:13', 'PAGADO', 18.00, NULL, '2025-06-28 16:04:53'),
	(21, 9, 2, '2025-06-29 00:45:17', 'PAGADO', 12.50, NULL, '2025-06-29 06:56:52'),
	(22, 5, 2, '2025-06-29 00:45:36', 'PAGADO', 94.00, NULL, '2025-06-29 06:56:54'),
	(23, 2, 2, '2025-06-29 01:40:38', 'PAGADO', 248.00, NULL, '2025-06-29 04:37:40'),
	(24, 3, 2, '2025-06-29 05:53:35', 'PAGADO', 24.00, NULL, '2025-06-29 00:55:22'),
	(25, 2, 2, '2025-06-29 10:01:04', 'PAGADO', 9.00, NULL, '2025-06-29 06:56:56'),
	(26, 1, 2, '2025-06-29 10:10:16', 'PAGADO', 76.00, NULL, '2025-06-29 06:56:57'),
	(27, 3, 2, '2025-06-29 10:11:32', 'PAGADO', 48.00, NULL, '2025-06-29 06:56:59'),
	(28, 6, 2, '2025-06-29 11:20:42', 'PAGADO', 20.00, NULL, '2025-06-29 06:20:57'),
	(29, 1, 9, '2025-06-29 11:57:12', 'PAGADO', 20.00, NULL, '2025-06-29 06:57:43'),
	(30, 2, 2, '2025-06-29 12:46:13', 'PAGADO', 8.00, NULL, '2025-06-29 07:52:41'),
	(31, 2, 2, '2025-06-30 02:22:17', 'PAGADO', 166.00, NULL, '2025-06-29 23:25:51'),
	(32, 21, 2, '2025-06-30 04:26:53', 'PAGADO', 400.00, NULL, '2025-06-29 23:30:23'),
	(34, 6, 2, '2025-06-30 04:32:16', 'PAGADO', 40.00, NULL, '2025-06-30 03:31:13'),
	(35, 5, 2, '2025-06-30 08:31:46', 'PAGADO', 280.00, NULL, '2025-06-30 03:56:33'),
	(36, 2, 2, '2025-06-30 08:56:47', 'PAGADO', 96.00, NULL, '2025-06-30 03:58:54'),
	(37, 2, 2, '2025-06-30 09:06:45', 'PAGADO', 16.00, NULL, '2025-06-30 04:07:27'),
	(38, 21, 2, '2025-06-30 11:47:29', 'PAGADO', 84.00, NULL, '2025-06-30 06:48:19'),
	(39, 15, 2, '2025-06-30 11:54:32', 'PAGADO', 48.00, NULL, '2025-06-30 07:00:31'),
	(40, 2, 2, '2025-06-30 12:03:38', 'PAGADO', 20.00, NULL, '2025-06-30 07:07:51'),
	(41, 2, 2, '2025-06-30 12:11:27', 'PAGADO', 14.00, NULL, '2025-06-30 07:13:34'),
	(42, 9, 2, '2025-06-30 12:14:11', 'PAGADO', 425.00, NULL, '2025-06-30 07:37:28'),
	(43, 3, 2, '2025-06-30 12:38:39', 'PAGADO', 55.00, NULL, '2025-06-30 07:49:59'),
	(44, 2, 2, '2025-06-30 19:23:07', 'PAGADO', 68.00, NULL, '2025-06-30 14:23:49'),
	(45, 3, 2, '2025-06-30 19:31:29', 'PAGADO', 18.00, NULL, '2025-06-30 14:31:48'),
	(46, 9, 2, '2025-06-30 19:33:19', 'PAGADO', 200.00, NULL, '2025-06-30 14:33:41'),
	(47, 3, 2, '2025-06-30 20:06:34', 'PAGADO', 30.00, NULL, '2025-06-30 15:16:35'),
	(48, 9, 2, '2025-06-30 20:17:08', 'PAGADO', 40.00, NULL, '2025-06-30 15:18:20'),
	(49, 21, 2, '2025-06-30 20:18:50', 'PAGADO', 3.00, NULL, '2025-06-30 15:19:48'),
	(50, 21, 2, '2025-06-30 20:24:46', 'PAGADO', 90.00, NULL, '2025-06-30 15:25:10'),
	(51, 18, 2, '2025-06-30 20:26:13', 'PAGADO', 3.00, NULL, '2025-06-30 15:26:33'),
	(52, 12, 2, '2025-06-30 20:29:07', 'PAGADO', 8.00, NULL, '2025-06-30 15:29:27'),
	(53, 13, 2, '2025-06-30 20:36:21', 'PAGADO', 45.00, NULL, '2025-06-30 15:36:53'),
	(54, 3, 2, '2025-06-30 20:39:39', 'PAGADO', 30.00, NULL, '2025-06-30 15:39:57'),
	(55, 6, 2, '2025-06-30 20:41:47', 'PAGADO', 15.00, NULL, '2025-06-30 15:42:05'),
	(56, 4, 2, '2025-06-30 20:43:33', 'PAGADO', 39.00, NULL, '2025-06-30 15:44:14'),
	(57, 3, 2, '2025-06-30 20:45:00', 'PAGADO', 32.00, NULL, '2025-06-30 15:45:49'),
	(58, 6, 2, '2025-06-30 21:00:52', 'PAGADO', 142.00, NULL, '2025-06-30 16:29:24'),
	(59, 12, 2, '2025-06-30 21:04:56', 'PAGADO', 72.00, NULL, '2025-06-30 16:11:03'),
	(60, 11, 2, '2025-06-30 21:34:03', 'PAGADO', 44.00, NULL, '2025-06-30 16:34:59'),
	(61, 17, 2, '2025-06-30 21:41:07', 'PAGADO', 130.00, NULL, '2025-06-30 17:29:50'),
	(62, 2, 2, '2025-06-30 23:42:45', 'PAGADO', 110.00, NULL, '2025-06-30 18:44:21'),
	(63, 11, 2, '2025-07-01 00:42:50', 'PAGADO', 84.00, NULL, '2025-06-30 19:43:24'),
	(64, 7, 2, '2025-07-01 01:04:57', 'PAGADO', 174.00, NULL, '2025-06-30 20:05:57'),
	(65, 2, 2, '2025-07-01 02:11:20', 'PAGADO', 115.00, NULL, '2025-06-30 21:14:07'),
	(66, 1, 2, '2025-07-01 03:53:05', 'PAGADO', 21.00, NULL, '2025-06-30 22:55:38'),
	(67, 3, 2, '2025-07-01 03:56:02', 'PAGADO', 20.00, NULL, '2025-06-30 22:56:29'),
	(68, 6, 2, '2025-07-01 04:31:40', 'PAGADO', 20.00, NULL, '2025-06-30 23:41:06'),
	(69, 2, 2, '2025-07-01 09:38:32', 'PAGADO', 36.00, NULL, '2025-07-01 04:51:28'),
	(70, 1, 2, '2025-07-09 09:05:17', 'PAGADO', 695.00, NULL, '2025-07-09 05:23:31');

CREATE TABLE IF NOT EXISTS `pedido_detalles` (
  `id_pedido_detalle` bigint(20) unsigned NOT NULL AUTO_INCREMENT,
  `id_pedido` bigint(20) unsigned NOT NULL COMMENT 'FK al pedido al que pertenece este detalle',
  `id_producto` int(10) unsigned NOT NULL COMMENT 'FK al producto solicitado',
  `cantidad` int(10) unsigned NOT NULL DEFAULT 1 COMMENT 'Cantidad del producto solicitado',
  `precio_unitario_momento` decimal(10,2) NOT NULL COMMENT 'Precio del producto al momento de realizar el pedido',
  `subtotal` decimal(10,2) NOT NULL COMMENT 'Subtotal (cantidad * precio_unitario_momento)',
  `notas_producto` text DEFAULT NULL COMMENT 'Notas específicas para este producto en el pedido (ej: sin hielo, término medio)',
  `estado_item` enum('SOLICITADO','EN_PREPARACION','LISTO_PARA_ENTREGA','ENTREGADO_A_MESERO','ENTREGADO_A_CLIENTE','CANCELADO') NOT NULL DEFAULT 'SOLICITADO' COMMENT 'Estado del ítem dentro del pedido y su preparación',
  `id_usuario_preparador` int(10) unsigned DEFAULT NULL COMMENT 'FK al usuario (cocinero/bartender) que preparó/está preparando el ítem (opcional)',
  `fecha_creacion` timestamp NULL DEFAULT current_timestamp(),
  `fecha_actualizacion_estado` timestamp NULL DEFAULT current_timestamp() ON UPDATE current_timestamp() COMMENT 'Para rastrear cuándo cambió el estado del ítem',
  PRIMARY KEY (`id_pedido_detalle`),
  KEY `fk_pedidodetalle_pedido` (`id_pedido`),
  KEY `fk_pedidodetalle_producto` (`id_producto`),
  KEY `fk_pedidodetalle_usuario_preparador` (`id_usuario_preparador`),
  KEY `idx_pedidodetalle_estado_item` (`estado_item`),
  CONSTRAINT `fk_pedidodetalle_pedido` FOREIGN KEY (`id_pedido`) REFERENCES `pedidos` (`id_pedido`) ON DELETE CASCADE ON UPDATE CASCADE,
  CONSTRAINT `fk_pedidodetalle_producto` FOREIGN KEY (`id_producto`) REFERENCES `productos` (`id_producto`) ON UPDATE CASCADE,
  CONSTRAINT `fk_pedidodetalle_usuario_preparador` FOREIGN KEY (`id_usuario_preparador`) REFERENCES `usuarios` (`id_usuario`) ON DELETE SET NULL ON UPDATE CASCADE
) ENGINE=InnoDB AUTO_INCREMENT=170 DEFAULT CHARSET=utf8mb4 COLLATE=utf8mb4_unicode_ci COMMENT='Detalle de los productos por pedido y su estado de preparación';

INSERT INTO `pedido_detalles` (`id_pedido_detalle`, `id_pedido`, `id_producto`, `cantidad`, `precio_unitario_momento`, `subtotal`, `notas_producto`, `estado_item`, `id_usuario_preparador`, `fecha_creacion`, `fecha_actualizacion_estado`) VALUES
	(3, 2, 5, 3, 15.00, 45.00, NULL, 'LISTO_PARA_ENTREGA', 4, '2025-05-27 04:10:49', '2025-06-16 08:20:20'),
	(4, 3, 69, 2, 12.00, 24.00, NULL, 'LISTO_PARA_ENTREGA', 3, '2025-05-27 04:10:49', '2025-06-16 07:51:39'),
	(7, 4, 17, 1, 18.00, 18.00, NULL, 'LISTO_PARA_ENTREGA', 3, '2025-05-28 15:17:55', '2025-05-29 15:25:53'),
	(13, 5, 41, 2, 140.00, 280.00, NULL, 'LISTO_PARA_ENTREGA', 3, '2025-06-02 07:41:49', '2025-06-06 00:39:16'),
	(14, 5, 69, 3, 12.00, 36.00, NULL, 'LISTO_PARA_ENTREGA', 3, '2025-06-02 07:41:49', '2025-06-06 00:39:13'),
	(15, 4, 8, 2, 17.00, 34.00, NULL, 'LISTO_PARA_ENTREGA', 3, '2025-06-02 07:53:26', '2025-06-06 00:39:15'),
	(16, 6, 4, 3, 25.00, 75.00, NULL, 'LISTO_PARA_ENTREGA', 4, '2025-06-02 07:53:56', '2025-06-02 16:28:47'),
	(17, 7, 70, 3, 12.00, 36.00, NULL, 'LISTO_PARA_ENTREGA', 3, '2025-06-02 07:58:10', '2025-06-02 04:17:20'),
	(18, 6, 39, 2, 250.00, 500.00, NULL, 'LISTO_PARA_ENTREGA', 3, '2025-06-02 21:27:09', '2025-06-02 16:28:25'),
	(19, 8, 114, 3, 1000.00, 3000.00, NULL, 'LISTO_PARA_ENTREGA', 4, '2025-06-03 02:23:30', '2025-06-02 21:24:34'),
	(20, 9, 114, 2, 1000.00, 2000.00, NULL, 'LISTO_PARA_ENTREGA', 4, '2025-06-03 02:54:14', '2025-06-06 00:38:50'),
	(21, 10, 1, 2, 25.00, 50.00, NULL, 'LISTO_PARA_ENTREGA', 4, '2025-06-05 03:31:54', '2025-06-04 22:32:33'),
	(22, 11, 8, 2, 17.00, 34.00, NULL, 'LISTO_PARA_ENTREGA', 3, '2025-06-05 23:56:49', '2025-06-06 00:39:11'),
	(23, 12, 5, 3, 15.00, 45.00, NULL, 'LISTO_PARA_ENTREGA', 4, '2025-06-05 23:57:22', '2025-06-06 00:38:49'),
	(24, 13, 39, 2, 250.00, 500.00, NULL, 'LISTO_PARA_ENTREGA', 3, '2025-06-05 23:57:45', '2025-06-05 19:55:46'),
	(25, 14, 4, 4, 25.00, 100.00, NULL, 'LISTO_PARA_ENTREGA', 4, '2025-06-06 05:50:28', '2025-06-06 00:51:10'),
	(26, 3, 8, 3, 17.00, 51.00, NULL, 'LISTO_PARA_ENTREGA', 3, '2025-06-15 09:03:38', '2025-06-16 07:51:39'),
	(27, 2, 39, 1, 250.00, 250.00, NULL, 'LISTO_PARA_ENTREGA', 3, '2025-06-19 01:18:00', '2025-06-19 03:51:00'),
	(28, 2, 1, 10, 2.00, 20.00, NULL, 'LISTO_PARA_ENTREGA', 4, '2025-06-19 07:06:02', '2025-06-19 04:30:22'),
	(29, 2, 1, 4, 2.00, 8.00, NULL, 'LISTO_PARA_ENTREGA', 4, '2025-06-19 09:01:17', '2025-06-19 04:30:28'),
	(30, 2, 3, 5, 25.00, 125.00, NULL, 'LISTO_PARA_ENTREGA', 4, '2025-06-19 09:44:03', '2025-06-19 04:44:15'),
	(32, 16, 39, 6, 250.00, 1500.00, NULL, 'LISTO_PARA_ENTREGA', 3, '2025-06-19 10:39:22', '2025-06-19 06:12:16'),
	(33, 16, 40, 5, 200.00, 1000.00, NULL, 'LISTO_PARA_ENTREGA', 3, '2025-06-19 10:42:25', '2025-06-19 06:12:28'),
	(34, 16, 1, 3, 2.00, 6.00, NULL, 'LISTO_PARA_ENTREGA', 4, '2025-06-19 11:05:54', '2025-06-19 06:12:38'),
	(35, 17, 1, 5, 2.00, 10.00, NULL, 'LISTO_PARA_ENTREGA', 4, '2025-06-24 02:39:28', '2025-06-23 21:40:00'),
	(36, 18, 39, 3, 250.00, 750.00, NULL, 'LISTO_PARA_ENTREGA', 3, '2025-06-24 02:41:36', '2025-06-23 21:41:48'),
	(37, 19, 1, 6, 2.00, 12.00, NULL, 'LISTO_PARA_ENTREGA', 4, '2025-06-24 06:22:16', '2025-06-24 01:22:29'),
	(38, 20, 69, 3, 6.00, 18.00, NULL, 'LISTO_PARA_ENTREGA', 3, '2025-06-28 21:04:13', '2025-06-28 16:04:33'),
	(39, 17, 69, 1, 6.00, 6.00, NULL, 'LISTO_PARA_ENTREGA', 3, '2025-06-29 00:44:50', '2025-06-28 19:59:44'),
	(40, 21, 73, 1, 12.50, 12.50, NULL, 'LISTO_PARA_ENTREGA', 3, '2025-06-29 00:45:17', '2025-06-29 04:35:28'),
	(41, 22, 69, 1, 6.00, 6.00, NULL, 'LISTO_PARA_ENTREGA', 3, '2025-06-29 00:45:36', '2025-06-28 20:21:23'),
	(42, 22, 1, 4, 2.00, 8.00, NULL, 'LISTO_PARA_ENTREGA', 4, '2025-06-29 01:02:43', '2025-06-28 20:19:26'),
	(43, 22, 3, 3, 25.00, 75.00, NULL, 'LISTO_PARA_ENTREGA', 4, '2025-06-29 01:18:49', '2025-06-28 20:19:30'),
	(44, 23, 61, 2, 5.00, 10.00, NULL, 'LISTO_PARA_ENTREGA', 3, '2025-06-29 01:40:38', '2025-06-29 04:29:36'),
	(45, 22, 61, 1, 5.00, 5.00, NULL, 'LISTO_PARA_ENTREGA', 3, '2025-06-29 01:54:16', '2025-06-29 04:35:24'),
	(46, 24, 1, 2, 2.00, 4.00, NULL, 'LISTO_PARA_ENTREGA', 4, '2025-06-29 05:53:35', '2025-06-29 00:54:01'),
	(47, 24, 12, 1, 20.00, 20.00, NULL, 'LISTO_PARA_ENTREGA', 3, '2025-06-29 05:53:35', '2025-06-29 00:54:24'),
	(48, 23, 57, 1, 15.00, 15.00, NULL, 'LISTO_PARA_ENTREGA', 3, '2025-06-29 09:29:15', '2025-06-29 04:29:42'),
	(49, 23, 54, 1, 3.00, 3.00, NULL, 'LISTO_PARA_ENTREGA', 3, '2025-06-29 09:32:45', '2025-06-29 04:35:00'),
	(50, 23, 8, 2, 14.00, 28.00, NULL, 'LISTO_PARA_ENTREGA', 3, '2025-06-29 09:34:46', '2025-06-29 04:35:04'),
	(51, 23, 11, 1, 18.00, 18.00, NULL, 'LISTO_PARA_ENTREGA', 3, '2025-06-29 09:34:46', '2025-06-29 04:35:08'),
	(52, 23, 53, 2, 50.00, 100.00, NULL, 'LISTO_PARA_ENTREGA', 3, '2025-06-29 09:34:46', '2025-06-29 04:35:12'),
	(53, 23, 69, 2, 12.00, 24.00, NULL, 'LISTO_PARA_ENTREGA', 3, '2025-06-29 09:34:46', '2025-06-29 04:35:16'),
	(54, 23, 73, 2, 25.00, 50.00, NULL, 'LISTO_PARA_ENTREGA', 3, '2025-06-29 09:34:46', '2025-06-29 04:35:20'),
	(55, 25, 54, 3, 3.00, 9.00, NULL, 'LISTO_PARA_ENTREGA', 3, '2025-06-29 10:01:04', '2025-06-29 05:01:10'),
	(56, 26, 15, 2, 18.00, 36.00, NULL, 'LISTO_PARA_ENTREGA', 3, '2025-06-29 10:10:16', '2025-06-29 05:10:29'),
	(57, 26, 71, 2, 20.00, 40.00, NULL, 'LISTO_PARA_ENTREGA', 3, '2025-06-29 10:10:16', '2025-06-29 05:10:33'),
	(58, 27, 8, 2, 14.00, 28.00, NULL, 'LISTO_PARA_ENTREGA', 3, '2025-06-29 10:11:32', '2025-06-29 05:11:35'),
	(59, 27, 1, 1, 20.00, 20.00, NULL, 'LISTO_PARA_ENTREGA', 4, '2025-06-29 11:20:15', '2025-06-29 06:20:26'),
	(60, 28, 1, 1, 20.00, 20.00, NULL, 'LISTO_PARA_ENTREGA', 4, '2025-06-29 11:20:43', '2025-06-29 06:20:47'),
	(61, 29, 1, 1, 20.00, 20.00, NULL, 'LISTO_PARA_ENTREGA', 4, '2025-06-29 11:57:12', '2025-06-29 06:57:28'),
	(62, 30, 56, 1, 8.00, 8.00, NULL, 'LISTO_PARA_ENTREGA', 3, '2025-06-29 12:46:13', '2025-06-29 07:46:25'),
	(63, 31, 1, 1, 20.00, 20.00, NULL, 'LISTO_PARA_ENTREGA', 4, '2025-06-30 02:22:17', '2025-06-29 21:23:08'),
	(64, 31, 54, 1, 3.00, 3.00, NULL, 'LISTO_PARA_ENTREGA', 3, '2025-06-30 02:22:35', '2025-06-29 21:23:29'),
	(65, 31, 57, 1, 15.00, 15.00, NULL, 'LISTO_PARA_ENTREGA', 3, '2025-06-30 02:22:35', '2025-06-29 21:23:33'),
	(66, 31, 60, 1, 8.00, 8.00, NULL, 'LISTO_PARA_ENTREGA', 3, '2025-06-30 02:22:35', '2025-06-29 21:23:36'),
	(67, 31, 74, 1, 25.00, 25.00, NULL, 'LISTO_PARA_ENTREGA', 3, '2025-06-30 02:22:35', '2025-06-29 21:23:40'),
	(68, 31, 75, 1, 25.00, 25.00, NULL, 'LISTO_PARA_ENTREGA', 3, '2025-06-30 02:22:35', '2025-06-29 21:23:43'),
	(69, 31, 84, 1, 40.00, 40.00, NULL, 'LISTO_PARA_ENTREGA', 3, '2025-06-30 02:22:35', '2025-06-29 21:23:47'),
	(70, 31, 87, 1, 30.00, 30.00, NULL, 'LISTO_PARA_ENTREGA', 3, '2025-06-30 02:22:35', '2025-06-29 21:23:50'),
	(71, 32, 6, 2, 10.00, 20.00, NULL, 'LISTO_PARA_ENTREGA', 4, '2025-06-30 04:26:53', '2025-06-29 23:30:11'),
	(72, 32, 72, 2, 20.00, 40.00, NULL, 'LISTO_PARA_ENTREGA', 3, '2025-06-30 04:26:53', '2025-06-29 23:27:17'),
	(73, 32, 85, 2, 65.00, 130.00, NULL, 'LISTO_PARA_ENTREGA', 3, '2025-06-30 04:26:53', '2025-06-29 23:27:23'),
	(74, 32, 72, 2, 20.00, 40.00, NULL, 'LISTO_PARA_ENTREGA', 3, '2025-06-30 04:27:43', '2025-06-29 23:28:16'),
	(75, 32, 85, 2, 65.00, 130.00, NULL, 'LISTO_PARA_ENTREGA', 3, '2025-06-30 04:27:55', '2025-06-29 23:28:38'),
	(76, 32, 72, 2, 20.00, 40.00, NULL, 'LISTO_PARA_ENTREGA', 3, '2025-06-30 04:28:31', '2025-06-29 23:28:44'),
	(78, 34, 1, 2, 20.00, 40.00, NULL, 'LISTO_PARA_ENTREGA', 4, '2025-06-30 04:32:16', '2025-06-29 23:32:42'),
	(79, 35, 1, 2, 20.00, 40.00, NULL, 'LISTO_PARA_ENTREGA', 4, '2025-06-30 08:31:46', '2025-06-30 03:32:32'),
	(80, 35, 48, 2, 120.00, 240.00, NULL, 'LISTO_PARA_ENTREGA', 3, '2025-06-30 08:31:46', '2025-06-30 03:32:51'),
	(81, 36, 7, 3, 20.00, 60.00, NULL, 'LISTO_PARA_ENTREGA', 4, '2025-06-30 08:56:47', '2025-06-30 03:57:44'),
	(82, 36, 9, 2, 18.00, 36.00, NULL, 'LISTO_PARA_ENTREGA', 3, '2025-06-30 08:56:58', '2025-06-30 03:57:30'),
	(85, 37, 56, 2, 8.00, 16.00, NULL, 'LISTO_PARA_ENTREGA', 3, '2025-06-30 09:06:45', '2025-06-30 04:06:58'),
	(86, 38, 4, 1, 25.00, 25.00, NULL, 'LISTO_PARA_ENTREGA', 4, '2025-06-30 11:47:29', '2025-06-30 06:47:40'),
	(87, 38, 8, 1, 14.00, 14.00, NULL, 'LISTO_PARA_ENTREGA', 3, '2025-06-30 11:47:29', '2025-06-30 06:47:51'),
	(88, 38, 82, 1, 45.00, 45.00, NULL, 'LISTO_PARA_ENTREGA', 3, '2025-06-30 11:47:29', '2025-06-30 06:47:55'),
	(89, 39, 1, 1, 20.00, 20.00, NULL, 'LISTO_PARA_ENTREGA', 4, '2025-06-30 11:54:32', '2025-06-30 06:54:45'),
	(90, 39, 54, 1, 3.00, 3.00, NULL, 'LISTO_PARA_ENTREGA', 3, '2025-06-30 11:57:38', '2025-06-30 06:57:52'),
	(91, 39, 75, 1, 25.00, 25.00, NULL, 'LISTO_PARA_ENTREGA', 3, '2025-06-30 11:57:38', '2025-06-30 06:57:56'),
	(92, 40, 1, 1, 20.00, 20.00, NULL, 'LISTO_PARA_ENTREGA', 4, '2025-06-30 12:03:38', '2025-06-30 07:03:50'),
	(93, 41, 8, 1, 14.00, 14.00, NULL, 'LISTO_PARA_ENTREGA', 3, '2025-06-30 12:11:27', '2025-06-30 07:11:44'),
	(94, 42, 1, 1, 20.00, 20.00, NULL, 'LISTO_PARA_ENTREGA', 4, '2025-06-30 12:14:11', '2025-06-30 07:15:09'),
	(95, 42, 6, 1, 10.00, 10.00, NULL, 'LISTO_PARA_ENTREGA', 4, '2025-06-30 12:14:12', '2025-06-30 07:15:12'),
	(96, 42, 47, 1, 130.00, 130.00, NULL, 'LISTO_PARA_ENTREGA', 3, '2025-06-30 12:14:12', '2025-06-30 07:14:39'),
	(97, 42, 48, 1, 120.00, 120.00, NULL, 'LISTO_PARA_ENTREGA', 3, '2025-06-30 12:14:12', '2025-06-30 07:14:43'),
	(98, 42, 71, 1, 20.00, 20.00, NULL, 'LISTO_PARA_ENTREGA', 3, '2025-06-30 12:14:12', '2025-06-30 07:14:47'),
	(99, 42, 72, 1, 20.00, 20.00, NULL, 'LISTO_PARA_ENTREGA', 3, '2025-06-30 12:14:12', '2025-06-30 07:14:51'),
	(100, 42, 84, 1, 40.00, 40.00, NULL, 'LISTO_PARA_ENTREGA', 3, '2025-06-30 12:14:12', '2025-06-30 07:14:55'),
	(101, 42, 85, 1, 65.00, 65.00, NULL, 'LISTO_PARA_ENTREGA', 3, '2025-06-30 12:14:12', '2025-06-30 07:14:58'),
	(102, 43, 1, 1, 20.00, 20.00, NULL, 'LISTO_PARA_ENTREGA', 4, '2025-06-30 12:38:39', '2025-06-30 07:43:52'),
	(103, 43, 6, 1, 10.00, 10.00, NULL, 'LISTO_PARA_ENTREGA', 4, '2025-06-30 12:38:39', '2025-06-30 07:43:55'),
	(104, 43, 57, 1, 15.00, 15.00, NULL, 'LISTO_PARA_ENTREGA', 3, '2025-06-30 12:38:39', '2025-06-30 07:44:16'),
	(105, 43, 61, 1, 10.00, 10.00, NULL, 'LISTO_PARA_ENTREGA', 3, '2025-06-30 12:38:39', '2025-06-30 07:44:20'),
	(106, 44, 9, 1, 18.00, 18.00, NULL, 'LISTO_PARA_ENTREGA', 3, '2025-06-30 19:23:07', '2025-06-30 14:23:26'),
	(107, 44, 53, 1, 50.00, 50.00, NULL, 'LISTO_PARA_ENTREGA', 3, '2025-06-30 19:23:07', '2025-06-30 14:23:30'),
	(108, 45, 9, 1, 18.00, 18.00, NULL, 'LISTO_PARA_ENTREGA', 3, '2025-06-30 19:31:29', '2025-06-30 14:31:36'),
	(109, 46, 40, 1, 200.00, 200.00, NULL, 'LISTO_PARA_ENTREGA', 3, '2025-06-30 19:33:19', '2025-06-30 14:33:30'),
	(110, 47, 2, 1, 30.00, 30.00, NULL, 'LISTO_PARA_ENTREGA', 4, '2025-06-30 20:06:34', '2025-06-30 15:06:47'),
	(111, 48, 2, 1, 30.00, 30.00, NULL, 'LISTO_PARA_ENTREGA', 4, '2025-06-30 20:17:08', '2025-06-30 15:18:07'),
	(112, 48, 6, 1, 10.00, 10.00, NULL, 'LISTO_PARA_ENTREGA', 4, '2025-06-30 20:17:08', '2025-06-30 15:18:11'),
	(113, 49, 55, 1, 3.00, 3.00, NULL, 'LISTO_PARA_ENTREGA', 3, '2025-06-30 20:18:50', '2025-06-30 15:19:10'),
	(114, 50, 82, 1, 45.00, 45.00, NULL, 'LISTO_PARA_ENTREGA', 3, '2025-06-30 20:24:46', '2025-06-30 15:24:50'),
	(115, 50, 83, 1, 45.00, 45.00, NULL, 'LISTO_PARA_ENTREGA', 3, '2025-06-30 20:24:46', '2025-06-30 15:24:54'),
	(116, 51, 54, 1, 3.00, 3.00, NULL, 'LISTO_PARA_ENTREGA', 3, '2025-06-30 20:26:13', '2025-06-30 15:26:22'),
	(117, 52, 56, 1, 8.00, 8.00, NULL, 'LISTO_PARA_ENTREGA', 3, '2025-06-30 20:29:07', '2025-06-30 15:29:14'),
	(118, 53, 1, 1, 20.00, 20.00, NULL, 'LISTO_PARA_ENTREGA', 4, '2025-06-30 20:36:21', '2025-06-30 15:36:39'),
	(119, 53, 74, 1, 25.00, 25.00, NULL, 'LISTO_PARA_ENTREGA', 3, '2025-06-30 20:36:21', '2025-06-30 15:36:24'),
	(120, 54, 2, 1, 30.00, 30.00, NULL, 'LISTO_PARA_ENTREGA', 4, '2025-06-30 20:39:39', '2025-06-30 15:39:42'),
	(121, 55, 5, 1, 15.00, 15.00, NULL, 'LISTO_PARA_ENTREGA', 4, '2025-06-30 20:41:47', '2025-06-30 15:41:51'),
	(122, 56, 4, 1, 25.00, 25.00, NULL, 'LISTO_PARA_ENTREGA', 4, '2025-06-30 20:43:33', '2025-06-30 15:43:37'),
	(123, 56, 8, 1, 14.00, 14.00, NULL, 'LISTO_PARA_ENTREGA', 3, '2025-06-30 20:43:33', '2025-06-30 15:43:53'),
	(124, 57, 70, 1, 12.00, 12.00, NULL, 'LISTO_PARA_ENTREGA', 3, '2025-06-30 20:45:00', '2025-06-30 15:45:03'),
	(125, 57, 72, 1, 20.00, 20.00, NULL, 'LISTO_PARA_ENTREGA', 3, '2025-06-30 20:45:00', '2025-06-30 15:45:06'),
	(126, 58, 8, 1, 14.00, 14.00, NULL, 'LISTO_PARA_ENTREGA', 3, '2025-06-30 21:00:52', '2025-06-30 16:01:41'),
	(127, 58, 54, 1, 3.00, 3.00, NULL, 'LISTO_PARA_ENTREGA', 3, '2025-06-30 21:01:08', '2025-06-30 16:01:46'),
	(128, 58, 83, 1, 45.00, 45.00, NULL, 'LISTO_PARA_ENTREGA', 3, '2025-06-30 21:01:08', '2025-06-30 16:01:52'),
	(129, 58, 12, 4, 20.00, 80.00, NULL, 'LISTO_PARA_ENTREGA', 3, '2025-06-30 21:03:57', '2025-06-30 16:04:02'),
	(130, 59, 11, 4, 18.00, 72.00, NULL, 'LISTO_PARA_ENTREGA', 3, '2025-06-30 21:04:56', '2025-06-30 16:05:01'),
	(131, 60, 8, 1, 14.00, 14.00, NULL, 'LISTO_PARA_ENTREGA', 3, '2025-06-30 21:34:03', '2025-06-30 16:34:06'),
	(132, 60, 61, 3, 10.00, 30.00, NULL, 'LISTO_PARA_ENTREGA', 3, '2025-06-30 21:34:03', '2025-06-30 16:34:11'),
	(133, 61, 1, 1, 20.00, 20.00, NULL, 'LISTO_PARA_ENTREGA', 4, '2025-06-30 21:41:07', '2025-06-30 16:41:33'),
	(134, 61, 55, 1, 3.00, 3.00, NULL, 'LISTO_PARA_ENTREGA', 3, '2025-06-30 21:41:07', '2025-06-30 16:41:11'),
	(135, 61, 60, 4, 8.00, 32.00, NULL, 'LISTO_PARA_ENTREGA', 3, '2025-06-30 21:41:07', '2025-06-30 16:41:14'),
	(136, 61, 75, 3, 25.00, 75.00, NULL, 'LISTO_PARA_ENTREGA', 3, '2025-06-30 21:41:07', '2025-06-30 16:41:18'),
	(137, 62, 1, 1, 20.00, 20.00, NULL, 'LISTO_PARA_ENTREGA', 4, '2025-06-30 23:42:45', '2025-06-30 18:43:46'),
	(138, 62, 55, 1, 3.00, 3.00, NULL, 'LISTO_PARA_ENTREGA', 3, '2025-06-30 23:42:45', '2025-06-30 18:43:48'),
	(139, 62, 59, 1, 15.00, 15.00, NULL, 'LISTO_PARA_ENTREGA', 3, '2025-06-30 23:42:45', '2025-06-30 18:43:52'),
	(140, 62, 10, 1, 18.00, 18.00, NULL, 'LISTO_PARA_ENTREGA', 3, '2025-06-30 23:43:00', '2025-06-30 18:43:55'),
	(141, 62, 11, 3, 18.00, 54.00, NULL, 'LISTO_PARA_ENTREGA', 3, '2025-06-30 23:43:00', '2025-06-30 18:43:59'),
	(142, 63, 9, 3, 18.00, 54.00, NULL, 'LISTO_PARA_ENTREGA', 3, '2025-07-01 00:42:50', '2025-06-30 19:42:55'),
	(143, 63, 59, 2, 15.00, 30.00, NULL, 'LISTO_PARA_ENTREGA', 3, '2025-07-01 00:42:50', '2025-06-30 19:42:59'),
	(144, 64, 1, 1, 20.00, 20.00, NULL, 'LISTO_PARA_ENTREGA', 4, '2025-07-01 01:04:57', '2025-06-30 20:05:03'),
	(145, 64, 15, 1, 18.00, 18.00, NULL, 'LISTO_PARA_ENTREGA', 3, '2025-07-01 01:04:57', '2025-06-30 20:05:05'),
	(146, 64, 19, 2, 18.00, 36.00, NULL, 'LISTO_PARA_ENTREGA', 3, '2025-07-01 01:04:57', '2025-06-30 20:05:08'),
	(147, 64, 53, 2, 50.00, 100.00, NULL, 'LISTO_PARA_ENTREGA', 3, '2025-07-01 01:04:57', '2025-06-30 20:05:12'),
	(148, 65, 1, 1, 20.00, 20.00, NULL, 'LISTO_PARA_ENTREGA', 4, '2025-07-01 02:11:20', '2025-06-30 21:12:09'),
	(149, 65, 61, 1, 5.00, 5.00, NULL, 'LISTO_PARA_ENTREGA', 3, '2025-07-01 02:11:20', '2025-06-30 21:12:07'),
	(150, 65, 82, 1, 45.00, 45.00, NULL, 'LISTO_PARA_ENTREGA', 3, '2025-07-01 02:11:20', '2025-06-30 21:12:11'),
	(151, 65, 83, 1, 45.00, 45.00, NULL, 'LISTO_PARA_ENTREGA', 3, '2025-07-01 02:11:20', '2025-06-30 21:12:14'),
	(152, 66, 8, 1, 7.00, 7.00, NULL, 'LISTO_PARA_ENTREGA', 3, '2025-07-01 03:53:06', '2025-06-30 22:53:12'),
	(153, 66, 8, 2, 7.00, 14.00, NULL, 'LISTO_PARA_ENTREGA', 3, '2025-07-01 03:53:24', '2025-06-30 22:53:29'),
	(154, 67, 1, 1, 20.00, 20.00, NULL, 'LISTO_PARA_ENTREGA', 4, '2025-07-01 03:56:02', '2025-06-30 22:56:05'),
	(158, 68, 1, 1, 20.00, 20.00, NULL, 'LISTO_PARA_ENTREGA', 4, '2025-07-01 04:34:09', '2025-06-30 23:34:45'),
	(159, 69, 1, 1, 20.00, 20.00, NULL, 'LISTO_PARA_ENTREGA', 4, '2025-07-01 09:38:32', '2025-07-01 04:43:05'),
	(160, 69, 8, 1, 7.00, 7.00, NULL, 'LISTO_PARA_ENTREGA', 3, '2025-07-01 09:38:32', '2025-07-01 04:38:50'),
	(161, 69, 54, 3, 3.00, 9.00, NULL, 'LISTO_PARA_ENTREGA', 3, '2025-07-01 09:38:32', '2025-07-01 04:38:54'),
	(162, 70, 9, 4, 18.00, 72.00, NULL, 'LISTO_PARA_ENTREGA', 3, '2025-07-09 09:05:17', '2025-07-09 04:11:31'),
	(163, 70, 9, 1, 18.00, 18.00, NULL, 'LISTO_PARA_ENTREGA', 3, '2025-07-09 09:11:58', '2025-07-09 04:12:04'),
	(164, 70, 54, 1, 3.00, 3.00, NULL, 'LISTO_PARA_ENTREGA', 3, '2025-07-09 09:11:58', '2025-07-09 04:12:04'),
	(165, 70, 55, 2, 3.00, 6.00, NULL, 'LISTO_PARA_ENTREGA', 3, '2025-07-09 09:11:58', '2025-07-09 04:12:04'),
	(166, 70, 9, 4, 18.00, 72.00, NULL, 'LISTO_PARA_ENTREGA', 3, '2025-07-09 09:13:04', '2025-07-09 04:13:21'),
	(167, 70, 8, 16, 14.00, 224.00, NULL, 'LISTO_PARA_ENTREGA', 3, '2025-07-09 09:16:50', '2025-07-09 04:17:01'),
	(168, 70, 1, 13, 20.00, 260.00, NULL, 'LISTO_PARA_ENTREGA', 4, '2025-07-09 10:13:25', '2025-07-09 05:14:08'),
	(169, 70, 1, 2, 20.00, 40.00, NULL, 'LISTO_PARA_ENTREGA', 4, '2025-07-09 10:14:29', '2025-07-09 05:14:36');

CREATE TABLE IF NOT EXISTS `productos` (
  `id_producto` int(10) unsigned NOT NULL AUTO_INCREMENT,
  `id_categoria_producto` int(10) unsigned DEFAULT NULL COMMENT 'FK a Categorias_Producto',
  `area_destino` enum('cocina','bar','ambos') NOT NULL COMMENT 'Indica el área de preparación o gestión principal del producto (ej: cocina para platos, bar para bebidas)',
  `codigo_interno` varchar(50) DEFAULT NULL COMMENT 'Código interno o SKU del producto',
  `nombre` varchar(150) NOT NULL COMMENT 'Nombre del producto',
  `descripcion` text DEFAULT NULL COMMENT 'Descripción detallada del producto',
  `precio_unitario` decimal(10,2) NOT NULL COMMENT 'Precio de venta del producto',
  `stock` int(10) unsigned NOT NULL DEFAULT 0 COMMENT 'Cantidad disponible en inventario',
  `unidad_medida` varchar(50) DEFAULT NULL COMMENT 'Ej: Unidad, Botella, Plato, Litro',
  `imagen_url` varchar(255) DEFAULT NULL COMMENT 'URL de la imagen del producto',
  `estado` tinyint(1) NOT NULL DEFAULT 1 COMMENT 'TRUE: disponible, FALSE: no disponible/agotado',
  `fecha_creacion` timestamp NULL DEFAULT current_timestamp(),
  `fecha_actualizacion` timestamp NULL DEFAULT current_timestamp() ON UPDATE current_timestamp(),
  PRIMARY KEY (`id_producto`),
  UNIQUE KEY `codigo_interno` (`codigo_interno`),
  KEY `fk_producto_categoria` (`id_categoria_producto`),
  KEY `idx_producto_nombre` (`nombre`),
  KEY `idx_producto_estado` (`estado`),
  CONSTRAINT `fk_producto_categoria` FOREIGN KEY (`id_categoria_producto`) REFERENCES `categorias_producto` (`id_categoria_producto`) ON DELETE SET NULL ON UPDATE CASCADE
) ENGINE=InnoDB AUTO_INCREMENT=187 DEFAULT CHARSET=utf8mb4 COLLATE=utf8mb4_unicode_ci COMMENT='Productos ofrecidos en el establecimiento';

INSERT INTO `productos` (`id_producto`, `id_categoria_producto`, `area_destino`, `codigo_interno`, `nombre`, `descripcion`, `precio_unitario`, `stock`, `unidad_medida`, `imagen_url`, `estado`, `fecha_creacion`, `fecha_actualizacion`) VALUES
	(1, 1, 'cocina', NULL, 'Alitas Broaster', '14 unidades de alitas de pollo marinadas, empanizadas y fritas a presión para una piel extra crujiente y carne jugosa. Acompañadas de papas fritas y cremas variadas.', 20.00, 13, 'Unidad', 'https://www.record.com.pe/wp-content/uploads/2021/12/alitas-broaster-960x635-1-1.png', 1, '2025-05-25 07:42:44', '2025-07-09 05:14:29'),
	(2, 1, 'cocina', NULL, 'Alitas BBQ', '6 unidades de alitas de pollo marinadas, horneadas y bañadas en nuestra salsa BBQ casera. Incluye papas fritas y cremas variadas.', 30.00, 27, 'Unidad', 'https://cdn7.kiwilimon.com/recetaimagen/33623/960x640/39037.jpg.jpg', 1, '2025-05-25 07:42:44', '2025-06-30 15:39:39'),
	(3, 1, 'cocina', NULL, 'Chicharrón de Pollo', '4 piezas de pollo crujiente y jugoso, marinado en especias y frito a la perfección. Incluye papas fritas y cremas variadas.', 25.00, 42, 'Unidad', 'https://storage.googleapis.com/fitia_public_images/recipes%2FPE-R-V-00000054_py9v6w9ivzx8yjhaqa2y8z53_large.jpeg', 1, '2025-05-25 07:42:44', '2025-06-28 20:18:49'),
	(4, 1, 'cocina', NULL, 'Salchitodo', 'Trozos de pollo, hotdog, huevo frito y papas fritas. ¡Una combinación clásica y deliciosa!', 25.00, 41, 'Unidad', 'https://retrolos90.com/wp-content/uploads/2024/03/salchipapa-pobre.jpg', 1, '2025-05-25 07:42:44', '2025-06-30 15:43:33'),
	(5, 1, 'cocina', NULL, 'Salchipapa', 'Salchipapas clásicas con rebanadas de hot dog y papas fritas.', 15.00, 46, 'Unidad', 'https://elmen.pe/wp-content/uploads/2023/02/SALCHIPAPA-scaled.jpg', 1, '2025-05-25 07:42:44', '2025-06-30 19:47:40'),
	(6, 1, 'cocina', NULL, 'Porción de papas', 'Abundante porción de nuestras clásicas papas fritas, doradas y crujientes.', 10.00, 45, 'Unidad', 'https://polleriaslagranja.com/wp-content/uploads/2022/10/La-Granja-Real-Food-Chicken-Porcion-de-Papas.png', 1, '2025-05-25 07:42:44', '2025-06-30 15:17:08'),
	(7, 1, 'cocina', NULL, 'Tequeños con Queso', '13 unidades de crujientes y dorados tequeños rellenos del más cremoso queso.', 20.00, 47, 'Unidad', 'https://www.sushiloverperu.com/wp-content/uploads/2023/11/tequenos.jpg', 1, '2025-05-25 07:42:44', '2025-06-30 03:56:47'),
	(8, 2, 'bar', NULL, 'Negroni', 'Un clásico atemporal. Una mezcla equilibrada de ginebra, Campari y vermut rojo, servido sobre hielo con un twist de naranja.', 14.00, 48, 'Unidad', 'https://www.liquor.com/thmb/lbwu9mR7WPYq36cWAEbiCvGM2tQ=/1500x0/filters:no_upscale():max_bytes(150000):strip_icc()/neighborhood-negroni-1200x628-fb-d5b216eacafc4c56abb866bae231bd83.jpg', 1, '2025-05-25 07:43:04', '2025-06-30 23:32:41'),
	(9, 2, 'bar', NULL, 'Clavo Oxidado', 'Un potente cóctel que combina la intensidad del whisky escocés con el dulzor del licor Drambuie, creando un sabor cálido y complejo. Servido tradicionalmente con hielo.', 18.00, 50, 'Unidad', 'https://blogger.googleusercontent.com/img/b/R29vZ2xl/AVvXsEhyn3Vhw81hZ4qUuvewqflz_qaRUR3UED4buAdscdI9eK0D_V-TzCIz4ISsfUfy3UtQ2ZIWkuTDFkRZZZLj2sNGPxLTw15M9VgjBhpS0u2BlcwlV9Kjyrpb7IAy63B02Hqony2XZ6UrOnR_/s1600/clavo+oxidado.jpg', 1, '2025-05-25 07:43:04', '2025-06-30 23:32:59'),
	(10, 2, 'bar', NULL, 'Padrino', 'Un cóctel elegante y sofisticado que une la robustez del whisky escocés con la dulzura almendrada del licor Amaretto. Ideal para los amantes de los sabores intensos y suaves a la vez.', 18.00, 50, 'Unidad', 'https://static.wixstatic.com/media/3ede69_451e90410178409093ba24de7e00dd19~mv2.jpg/v1/fill/w_816,h_816,al_c/3ede69_451e90410178409093ba24de7e00dd19~mv2.jpg', 1, '2025-05-25 07:43:04', '2025-06-28 14:54:07'),
	(11, 2, 'bar', NULL, 'Orgasmo', 'Un cóctel dulce y cremoso que combina Baileys Irish Cream, licor de café (Kahlúa) y vodka, con un toque de nata o crema. Es un postre líquido perfecto para los amantes de los sabores suaves y indulgentes.', 18.00, 50, 'Unidad', 'https://www.coctelybebida.com/wp-content/uploads/2010/07/screaming-orgasm.jpg', 1, '2025-05-25 07:43:04', '2025-06-28 14:54:07'),
	(12, 2, 'bar', NULL, 'Orgasmo Múltiple', 'Una versión aún más indulgente del clásico. Combina Baileys Irish Cream, licor de café (Kahlúa), Amaretto y vodka, creando una experiencia dulce y compleja con capas de sabor. Servido con hielo y, a menudo, coronado con nata montada.', 20.00, 50, 'Unidad', 'https://images.squarespace-cdn.com/content/v1/5bcccf8b9b7d15579477a125/2a6059dd-6421-4dfd-a3be-261ecc71ac0c/Orgasm.jpg', 1, '2025-05-25 07:43:04', '2025-06-28 14:54:07'),
	(13, 2, 'bar', NULL, 'Mojito Jagger', 'Un giro electrizante al clásico Mojito. Esta versión especial combina la frescura de la hierbabuena y la lima con el carácter del ron, un toque de azúcar y soda, y un ingrediente secreto que le da un toque único y vibrante.', 19.00, 50, 'Unidad', 'https://i.pinimg.com/474x/82/84/48/82844833b6f6f75313bf668ec7ac5544.jpg', 1, '2025-05-25 07:43:04', '2025-06-28 14:54:07'),
	(14, 2, 'bar', NULL, 'Mojito Corona', 'Un Mojito refrescante con un toque especial. Disfruta de la frescura de la hierbabuena y la lima combinadas con ron, azúcar y un toque de cerveza Corona, que le aporta una chispa y un sabor único.', 30.00, 50, 'Unidad', 'https://cuberspremium.com/wp-content/uploads/2022/04/mojito-con-corona.jpg', 1, '2025-05-25 07:43:04', '2025-06-28 14:54:07'),
	(15, 2, 'bar', NULL, 'Mojito de Limon', 'Mojito con ron, limón, azúcar, hierbabuena y soda. Refrescante y cítrico.', 18.00, 50, 'Unidad', 'https://imagenes.20minutos.es/files/image_640_auto/uploads/imagenes/2023/09/23/javier-de-las-muelas-propone-un-mojito-que-combina-ron-blanco-y-ron-dorado.png', 1, '2025-05-25 07:43:04', '2025-06-28 14:54:07'),
	(16, 2, 'bar', NULL, 'Mojito de Maracuyá', 'Mojito con ron, maracuyá, azúcar, hierbabuena y soda. Tropical y refrescante.', 18.00, 50, 'Unidad', 'https://img.freepik.com/fotos-premium/mojito-maracuya-fresco-decorado-menta-sobre-mesa-madera_665346-47036.jpg', 1, '2025-05-25 07:43:04', '2025-06-28 14:54:07'),
	(17, 2, 'bar', NULL, 'Mojito de Fresa', 'Mojito con ron, fresas frescas, azúcar, hierbabuena y soda. Dulce y afrutado.', 18.00, 0, 'Unidad', 'https://img.freepik.com/foto-gratis/mojito-fresa-mucho-hielo-picado_140725-3011.jpg?semt=ais_hybrid&w=740', 1, '2025-05-25 07:43:04', '2025-06-28 14:54:07'),
	(18, 2, 'bar', NULL, 'Mojito de Mango', 'Mojito con ron, mango, azúcar, hierbabuena y soda. Exótico y dulce.', 18.00, 50, 'Unidad', 'https://www.mygingergarlickitchen.com/wp-content/uploads/2023/06/mango-mojito-1.jpg', 1, '2025-05-25 07:43:04', '2025-06-28 14:54:07'),
	(19, 2, 'bar', NULL, 'Mojito de Piña', 'Mojito con ron, piña, azúcar, hierbabuena y soda. Tropical y jugoso.', 18.00, 50, 'Unidad', 'https://static.vecteezy.com/system/resources/previews/014/938/382/non_2x/grilled-pineapple-mojito-cocktail-photo.jpg', 1, '2025-05-25 07:43:04', '2025-06-28 14:54:07'),
	(20, 2, 'bar', NULL, 'Mojito de Maracumango', 'Mojito con ron, maracuyá, mango, azúcar, hierbabuena y soda. La perfecta fusión tropical.', 19.00, 50, 'Unidad', 'https://tofuu.getjusto.com/orioneat-local/resized2/bKaKs5gH4EZ9oPR6b-2400-x.webp', 1, '2025-05-25 07:43:04', '2025-06-28 14:54:07'),
	(21, 2, 'bar', NULL, 'Fernet', 'Licor amargo de hierbas, ideal para digestivos.', 17.00, 50, 'Unidad', 'https://t3.ftcdn.net/jpg/04/33/36/14/360_F_433361452_bwuYn79oAdKf4bEpvvgpYTy6Ka0kuflM.jpg', 1, '2025-05-25 07:43:04', '2025-06-28 14:54:07'),
	(22, 2, 'bar', NULL, 'Jack Daniels', 'Clásico whisky americano, suave y con notas de vainilla y caramelo. Perfecto para beber solo o en cócteles.', 19.00, 50, 'Unidad', 'https://www.minibar24h.com/pub/media/catalog/product/cache/cabaa7e3e80c151a8132a6f6f6bcc86a/j/a/jack-daniels.jpg', 1, '2025-05-25 07:43:04', '2025-06-28 14:54:07'),
	(23, 2, 'bar', NULL, 'Jagger', 'Licor de hierbas alemán, dulce y complejo. Ideal para shots fríos o mezclado.', 18.00, 50, 'Unidad', 'https://be-family.com/images/productos/licores--botellas/Jagermeister/be-family-jagermeister--vaso-2.jpg', 1, '2025-05-25 07:43:04', '2025-06-28 14:54:07'),
	(24, 2, 'bar', NULL, 'Gin Tonic', 'Refrescante cóctel con ginebra y tónica, adornado con cítricos o botánicos.', 19.00, 50, 'Unidad', 'https://www.paulinacocina.net/wp-content/uploads/2022/05/gin-tonic-receta-1200x1800.jpg', 1, '2025-05-25 07:43:04', '2025-06-28 14:54:07'),
	(25, 2, 'bar', NULL, 'Pisco Sour', 'El cóctel bandera de Perú. Pisco, jugo de limón, jarabe de goma, clara de huevo y amargo de Angostura.', 19.00, 50, 'Unidad', 'https://recipecontent.fooby.ch/26599_3-2_1920-1280.jpg', 1, '2025-05-25 07:43:04', '2025-06-28 14:54:07'),
	(26, 2, 'bar', NULL, 'Tacna Sour', 'Variación regional del Pisco Sour, con el toque distintivo de la maceración de damasco.', 19.00, 50, 'Unidad', 'https://marmicoc.cl/wp-content/uploads/2021/03/Tacna-sour-2-scaled.jpg', 1, '2025-05-25 07:43:04', '2025-06-28 14:54:07'),
	(27, 2, 'bar', NULL, 'Maracuya Sour', 'Una explosión tropical. Pisco, jugo de maracuyá, jarabe de goma y clara de huevo.', 18.00, 50, 'Unidad', 'https://comidasperuanas.net/wp-content/uploads/2020/11/Maracuya-Sour.jpg', 1, '2025-05-25 07:43:04', '2025-06-28 14:54:07'),
	(28, 2, 'bar', NULL, 'Cuba Libre', 'Refrescante mezcla de ron, Coca-Cola y jugo de limón.', 18.00, 50, 'Unidad', 'https://hosteleriaecuador.com/wp-content/uploads/cuba-libre.jpg', 1, '2025-05-25 07:43:04', '2025-06-28 14:54:07'),
	(29, 2, 'bar', NULL, 'Perú Libre', 'La versión peruana del Cuba Libre, con pisco, Coca Cola y jugo de limón.', 17.00, 50, 'Unidad', 'https://mundodelicores.com/wp-content/uploads/2021/06/images.jpg', 1, '2025-05-25 07:43:04', '2025-06-28 14:54:07'),
	(30, 2, 'bar', NULL, 'Chilcano', 'Un clásico peruano. Pisco, ginger ale y jugo de limón, a menudo con amargo de Angostura.', 17.00, 50, 'Unidad', 'https://blog.plazavea.com.pe/wp-content/uploads/2024/04/chilcano-de-pisco.jpg', 1, '2025-05-25 07:43:04', '2025-06-28 14:54:07'),
	(31, 2, 'bar', NULL, 'Machu Picchu', 'Un vibrante cóctel en capas con pisco, menta, jugo de naranja y granadina.', 18.00, 50, 'Unidad', 'https://buenazo.cronosmedia.glr.pe/original/2020/10/16/5f8a2e188102752058228954.jpg', 1, '2025-05-25 07:43:04', '2025-06-28 14:54:07'),
	(32, 2, 'bar', NULL, 'Margarita Blue', 'Margarita clásica con un toque de licor Blue Curaçao para un color vibrante.', 19.00, 50, 'Unidad', 'https://img-global.cpcdn.com/steps/52da2876ab169695/400x400cq90/photo.jpg', 1, '2025-05-25 07:43:04', '2025-06-28 14:54:07'),
	(33, 2, 'bar', NULL, 'Margarita Clásica', 'El icónico cóctel de tequila, Cointreau o triple sec y jugo de limón, servido con borde de sal.', 18.00, 50, 'Unidad', 'https://thecookinglab.es/wp-content/uploads/2024/08/Coctel-margarita-receta.jpg', 1, '2025-05-25 07:43:04', '2025-06-28 14:54:07'),
	(34, 2, 'bar', NULL, 'Alejandra', 'Cóctel refrescante con vodka, licor de café y crema de leche.', 19.00, 50, 'Unidad', 'https://vinosypasiones.com/wp-content/uploads/2020/04/alexander2-2.jpg', 1, '2025-05-25 07:43:04', '2025-06-28 14:54:07'),
	(35, 2, 'bar', NULL, 'Piña Colada', 'Un clásico tropical y cremoso con ron, crema de coco y jugo de piña.', 19.00, 50, 'Unidad', 'https://lomaculinaria.com/wp-content/uploads/2022/07/Pin%CC%83a-Colada-01.jpg', 1, '2025-05-25 07:43:04', '2025-06-28 14:54:08'),
	(39, 3, 'bar', NULL, 'ET. Negra Johnnie Walker', 'Whisky escocés blend premium, complejo y ahumado, con notas de frutas secas y vainilla.', 250.00, 6, 'Botella', 'https://floreriasb.com.pe/wp-content/uploads/2022/08/LSB-14.jpg', 1, '2025-05-25 07:43:21', '2025-06-28 14:54:08'),
	(40, 3, 'bar', NULL, 'ET. Roja Johnnie Walker', 'Whisky escocés blend vibrante y ahumado, ideal para mezclar en cócteles.', 200.00, 14, 'Botella', 'https://lacavadebaco.pe/wp-content/uploads/2024/04/86.png', 1, '2025-05-25 07:43:21', '2025-06-30 14:33:19'),
	(41, 3, 'bar', NULL, 'Jagger 700ml', 'Botella de licor de hierbas Jagger, perfecta para compartir o guardar.', 140.00, 18, 'Botella', 'https://licoreria247.pe/wp-content/uploads/2020/06/PROMOCION-JAGERMEISTER-750ml-RED-BULL-Lata-x-250ml-1.jpg', 1, '2025-05-25 07:43:21', '2025-06-28 14:54:08'),
	(42, 3, 'bar', NULL, 'Jack Daniel\'s', 'Botella de whisky americano Jack Daniel\'s.', 170.00, 20, 'Botella', 'https://www.latiendadeazafranes.com.ar/contenido/productoss/original/2024/09/03/1725382542.webp', 1, '2025-05-25 07:43:21', '2025-06-28 14:54:08'),
	(43, 3, 'bar', NULL, 'Vodka Russkaya/Absolut', 'Vodka puro y versátil. Russkaya es ideal para mezclar, Absolut es premium y suave.', 120.00, 20, 'Botella', 'https://www.comprar-bebidas.com/media/catalog/product/a/b/absolut_70cl.jpg', 1, '2025-05-25 07:43:21', '2025-06-28 14:54:08'),
	(44, 3, 'bar', NULL, 'Ron Blanco Flor de Caña', 'Ron blanco nicaragüense, suave y ligero, ideal para cócteles.', 120.00, 20, 'Botella', 'https://plazavea.vteximg.com.br/arquivos/ids/493621-418-418/20095108.jpg', 1, '2025-05-25 07:43:21', '2025-06-28 14:54:08'),
	(45, 3, 'bar', NULL, 'Ron Blanco Cartavio', 'Ron blanco peruano, versátil y perfecto para una variedad de tragos.', 130.00, 20, 'Botella', 'https://plazavea.vteximg.com.br/arquivos/ids/29151918-418-418/70157.jpg', 1, '2025-05-25 07:43:21', '2025-06-28 14:54:08'),
	(46, 3, 'bar', NULL, 'Ron Rubio Flor de Caña', 'Ron dorado nicaragüense, con notas de caramelo y vainilla, ideal para cócteles más complejos o solo.', 120.00, 20, 'Botella', 'https://plazavea.vteximg.com.br/arquivos/ids/27363414-418-418/852203.jpg', 1, '2025-05-25 07:43:21', '2025-06-28 14:54:08'),
	(47, 3, 'bar', NULL, 'Ron Rubio Cartavio', 'Ron dorado peruano, con cuerpo y notas aromáticas, excelente para mezclar o beber puro.', 130.00, 19, 'Botella', 'https://almendariz.com.pe/wp-content/uploads/2022/10/011007010-1.jpg', 1, '2025-05-25 07:43:21', '2025-06-30 07:14:12'),
	(48, 3, 'bar', NULL, 'Baileys', 'Crema de whisky irlandesa, dulce y suave, perfecta para postres o cócteles cremosos.', 120.00, 17, 'Botella', 'https://upload.wikimedia.org/wikipedia/commons/thumb/5/58/Glass_of_Baileys.jpg/1200px-Glass_of_Baileys.jpg', 1, '2025-05-25 07:43:21', '2025-06-30 07:14:12'),
	(49, 3, 'bar', NULL, 'Tequila Blanco', 'Tequila transparente y joven, con notas herbales y cítricas. Ideal para shots o margaritas.', 130.00, 20, 'Botella', 'https://almendariz.com.pe/wp-content/uploads/2021/12/012003001-1.jpg', 1, '2025-05-25 07:43:21', '2025-06-28 14:54:08'),
	(50, 3, 'bar', NULL, 'Tequila Rubio', 'Tequila añejado en barrica, con notas suaves de vainilla, caramelo y especias.', 150.00, 20, 'Botella', 'https://almendariz.com.pe/wp-content/uploads/2021/12/012003002-1.jpg', 1, '2025-05-25 07:43:21', '2025-06-28 14:54:08'),
	(51, 3, 'bar', NULL, 'Vino Borgoña', 'Vino dulce, afrutado y fácil de beber.', 50.00, 20, 'Botella', 'https://delabodega.pe/wp-content/uploads/2020/06/Vino-Vina-Vieja-Gran-Borgona-750-ml.jpg', 1, '2025-05-25 07:43:21', '2025-06-28 14:54:08'),
	(52, 3, 'bar', NULL, 'Vino Seco', 'Vino delicioso con bajo contenido de azúcar.', 50.00, 20, 'Botella', 'https://delabodega.pe/wp-content/uploads/2020/06/Vino-Vi%C3%B1a-Vieja-Malbec-750-ml.jpg', 1, '2025-05-25 07:43:21', '2025-06-28 14:54:08'),
	(53, 3, 'bar', NULL, 'Vino Tinto', 'Selección de vinos tintos, ideales para acompañar carnes o quesos.', 50.00, 15, 'Botella', 'https://perufarma.com.pe/wp-content/uploads/2022/02/la-cumbre-del-agua-84.png', 1, '2025-05-25 07:43:21', '2025-06-30 20:04:57'),
	(54, 4, 'bar', NULL, 'Agua mineral con Gas', 'Agua mineral refrescante con burbujas.', 3.00, 88, 'Botella', 'https://www.aguasanmateo.com.pe/sites/g/files/seuoyk161/files/2022-03/abi-home-img-orig-1-032022-2.jpg', 1, '2025-05-25 07:43:49', '2025-07-09 04:11:58'),
	(55, 4, 'bar', NULL, 'Agua mineral sin Gas', 'Agua mineral natural, pura y sin burbujas.', 3.00, 95, 'Botella', 'https://mir-s3-cdn-cf.behance.net/projects/404/b0efb158092287.Y3JvcCwxMjA1LDk0MywxMTM5LDI0Mw.jpg', 1, '2025-05-25 07:43:49', '2025-07-09 04:11:58'),
	(56, 4, 'bar', NULL, 'Coca Cola 1/2 Lt.', 'Refrescante gaseosa Coca-Cola en presentación personal de medio litro.', 8.00, 96, 'Botella', 'https://brasaycarbon.pe/wp-content/uploads/2020/12/Gaseosa-CocaCola-medioL.jpg', 1, '2025-05-25 07:43:49', '2025-06-30 15:29:07'),
	(57, 4, 'bar', NULL, 'Coca Cola 1 Lt.', 'La clásica Coca-Cola para compartir, en botella de un litro.', 15.00, 97, 'Botella', 'https://dojiw2m9tvv09.cloudfront.net/49572/product/coc1l8347.jpg', 1, '2025-05-25 07:43:49', '2025-06-30 07:38:39'),
	(58, 4, 'bar', NULL, 'Inca Kola 1/2 Lt.', 'La inconfundible gaseosa dorada del Perú, en presentación personal de medio litro.', 8.00, 100, 'Botella', 'https://corporacionliderperu.com/51246-large_default/inca-kola-gaseosas-normal-x-600-ml.jpg', 1, '2025-05-25 07:43:49', '2025-06-28 23:53:50'),
	(59, 4, 'bar', NULL, 'Inca Kola 1 Lt.', 'Disfruta del sabor nacional en su presentación de un litro.', 15.00, 47, 'Botella', 'https://mirinconcitoperuano.com/wp-content/uploads/2024/02/incakola.jpg', 1, '2025-05-25 07:43:49', '2025-06-30 19:42:50'),
	(60, 4, 'bar', NULL, 'Sprite 1/2 Lt.', 'Gaseosa lima-limón, ligera y burbujeante, en presentación personal de medio litro.', 8.00, 95, 'Botella', 'https://corporacionliderperu.com/51238-large_default/sprite-gaseosa-x-500-ml.jpg', 1, '2025-05-25 07:43:49', '2025-06-30 16:41:07'),
	(61, 4, 'bar', NULL, 'RedBull', 'La bebida energética que te da alas, ideal para esos momentos que necesitas un extra de energía.', 10.00, 92, 'Botella', 'https://static.mercadonegro.pe/wp-content/uploads/2021/01/29144346/red-bull.jpeg', 1, '2025-05-25 07:43:49', '2025-06-30 21:11:20'),
	(69, 5, 'bar', NULL, 'Stella', 'Cerveza lager belga, de sabor suave y refrescante.', 12.00, 90, 'Botella', 'https://akl.com.pe/902-medium_default/cerveza-stella-artois-330ml.jpg', 1, '2025-05-25 07:44:05', '2025-06-29 04:34:46'),
	(70, 5, 'bar', NULL, 'Corona', 'Cerveza mexicana tipo lager, ligera y popular, ideal para acompañar con una rodaja de limón.', 12.00, 96, 'Botella', 'https://www.shutterstock.com/image-photo/kas-08092024-hand-holding-bottle-600nw-2555553359.jpg', 1, '2025-05-25 07:44:05', '2025-06-30 15:45:00'),
	(71, 5, 'bar', NULL, 'Pilsen', 'La cerveza tradicional peruana, de cuerpo ligero y sabor equilibrado.', 20.00, 97, 'Botella', 'https://tiptop.com.pe/wp-content/uploads/2023/06/Pilsen-Callao-scaled.jpg', 1, '2025-05-25 07:44:05', '2025-06-30 07:14:12'),
	(72, 5, 'bar', NULL, 'Cristal', 'Cerveza lager peruana, de sabor refrescante y suave, perfecta para cualquier ocasión.', 20.00, 92, 'Botella', 'https://corporacionliderperu.com/39049-large_default/cerveza-cristal-bt-x-650-ml.jpg', 1, '2025-05-25 07:44:05', '2025-06-30 15:45:00'),
	(73, 5, 'bar', NULL, 'Cuzqueña Trigo', 'Cerveza de trigo peruana, con notas frutales y un cuerpo más completo.', 25.00, 97, 'Botella', 'https://donmelchorpollos.com/wp-content/uploads/2023/06/cusquena-trigo.jpg', 1, '2025-05-25 07:44:05', '2025-06-30 03:57:07'),
	(74, 5, 'bar', NULL, 'Cuzqueña Dorada', 'Cerveza lager premium peruana, de color dorado y sabor balanceado.', 25.00, 98, 'Botella', 'https://tiptop.com.pe/wp-content/uploads/2023/06/Cusquena-dorada-scaled.jpg', 1, '2025-05-25 07:44:05', '2025-06-30 15:36:21'),
	(75, 5, 'bar', NULL, 'Cuzqueña Negra', 'Cerveza oscura peruana, con notas de café y chocolate, de sabor más intenso.', 25.00, 95, 'Botella', 'https://tiptop.com.pe/wp-content/uploads/2023/06/Cusquena-negra-scaled.jpg', 1, '2025-05-25 07:44:05', '2025-06-30 16:41:07'),
	(76, 6, 'bar', NULL, 'Jarra Mojito Maracuyá', 'Gran jarra de nuestro Mojito con el exótico sabor del maracuyá, ideal para compartir.', 50.00, 30, 'Jarra', 'https://www.laylita.com/recetas/wp-content/uploads/2022/07/Mojitos-de-maracuya-o-fruta-de-la-pasion.jpg', 1, '2025-05-25 07:44:26', '2025-06-28 14:54:08'),
	(77, 6, 'bar', NULL, 'Jarra Mojito Limón', 'Jarra para compartir del refrescante Mojito con un vibrante toque de limón.', 50.00, 30, 'Jarra', 'https://img.freepik.com/fotos-premium/mojito-menta-limon-vaso-jarra-tubos-fondo-marmol-gris_71756-891.jpg', 1, '2025-05-25 07:44:26', '2025-06-28 14:54:08'),
	(78, 6, 'bar', NULL, 'Jarra Mojito Fresa', 'Disfruta en jarra de nuestro Mojito con el dulce y fresco sabor de las fresas.', 50.00, 30, 'Jarra', 'https://veganvvocals.com/wp-content/uploads/2022/07/The-Best-Strawberry-Mojito-Pitcher-2-1024x683.jpg', 1, '2025-05-25 07:44:26', '2025-06-28 14:54:08'),
	(79, 6, 'bar', NULL, 'Jarra Mojito Mango', 'Gran jarra del Mojito tropical con el dulzor y aroma del mango.', 50.00, 30, 'Jarra', 'https://5.imimg.com/data5/SELLER/Default/2024/11/464558867/TS/OR/CV/51113492/aafreen-mango-juice-500x500.jpg', 1, '2025-05-25 07:44:26', '2025-06-28 14:54:08'),
	(80, 6, 'bar', NULL, 'Jarra Mojito Piña', 'Refrescante jarra de Mojito con el jugoso y tropical sabor de la piña.', 50.00, 30, 'Jarra', 'https://www.clikisalud.net/wp-content/uploads/2019/05/agua-de-pina-con-menta-fresca.jpg', 1, '2025-05-25 07:44:26', '2025-06-28 14:54:08'),
	(81, 6, 'bar', NULL, 'Jarra Mojito Maracumango', 'La perfecta combinación tropical en jarra, con maracuyá y mango.', 65.00, 30, 'Jarra', 'https://tofuu.getjusto.com/orioneat-local/resized2/bKaKs5gH4EZ9oPR6b-2400-x.webp', 1, '2025-05-25 07:44:26', '2025-06-28 14:54:08'),
	(82, 6, 'bar', NULL, 'Jarra de Cuba Libre', 'Gran jarra del clásico Cuba Libre, con ron, Coca-Cola y limón, perfecta para compartir.', 45.00, 27, 'Jarra', 'https://www.grupocrisol.com/recursos/bigs/2973_1.jpg', 1, '2025-05-25 07:44:26', '2025-06-30 21:11:20'),
	(83, 6, 'bar', NULL, 'Jarra de Perú Libre', 'Nuestra versión en jarra del Cuba Libre, con pisco, Coca Cola y limón.', 45.00, 27, 'Jarra', 'https://piscosourweb.com/wp-content/uploads/2018/06/24.-Piscola-2d-300x275.jpg', 1, '2025-05-25 07:44:26', '2025-06-30 21:11:20'),
	(84, 6, 'bar', NULL, 'Jarra de Sangría', 'Deliciosa jarra de sangría casera, con vino, frutas frescas y un toque de licor.', 40.00, 28, 'Jarra', 'https://polleriaslagranja.com/wp-content/uploads/2022/10/La-Granja-Real-Food-Chicken-Sangria-Jarra.png', 1, '2025-05-25 07:44:26', '2025-06-30 07:14:12'),
	(85, 6, 'bar', NULL, 'Jarra de Pisco Sour', 'La emblemática bebida peruana en jarra, ideal para compartir con amigos.', 65.00, 25, 'Jarra', 'https://i.pinimg.com/736x/fd/4b/d8/fd4bd879f7d0bf520015c6537add9b7c.jpg', 1, '2025-05-25 07:44:26', '2025-06-30 07:14:12'),
	(86, 6, 'bar', NULL, 'Jarra de Tacna Sour', 'Nuestra jarra especial del Tacna Sour, con el toque distintivo del damasco macerado.', 65.00, 30, 'Jarra', 'https://blog.casa-andina.com/wp-content/uploads/2020/10/tacna-sour-casa-andina-gastronomia-pisco-peru-el-pisco-es-peruano.jpg', 1, '2025-05-25 07:44:26', '2025-06-28 14:54:08'),
	(87, 6, 'bar', NULL, 'Jarra de Crvz. Pilsen', 'Jarra de cerveza Pilsen bien helada para disfrutar en grupo.', 30.00, 29, 'Jarra', 'https://media-cdn.tripadvisor.com/media/photo-s/15/17/e5/fd/tu-jarra-de-cerveza-mas.jpg', 1, '2025-05-25 07:44:26', '2025-06-29 21:22:35'),
	(88, 6, 'bar', NULL, 'Jarra de Crvz. Cristal', 'Jarra para compartir', 30.00, 30, 'Jarra', NULL, 1, '2025-05-25 07:44:26', '2025-05-25 07:44:26'),
	(89, 6, 'bar', NULL, 'Jarra de Crvz. Cuz. Trigo', 'Jarra para compartir', 35.00, 30, 'Jarra', NULL, 1, '2025-05-25 07:44:26', '2025-05-25 07:44:26'),
	(90, 6, 'bar', NULL, 'Jarra de Crvz. Cuz. Dorada', 'Jarra para compartir', 35.00, 30, 'Jarra', NULL, 1, '2025-05-25 07:44:26', '2025-05-25 07:44:26'),
	(91, 6, 'bar', NULL, 'Jarra de Crvz. Cuz. Negra', 'Jarra para compartir', 35.00, 30, 'Jarra', NULL, 1, '2025-05-25 07:44:26', '2025-05-25 07:44:26'),
	(107, 7, 'bar', NULL, 'Balde de Stella Pq.', 'Balde de cervezas', 60.00, 20, 'Balde', NULL, 0, '2025-05-25 07:44:40', '2025-06-24 18:54:20'),
	(108, 7, 'bar', NULL, 'Balde de Corona Pq.', 'Balde de cervezas', 60.00, 20, 'Balde', NULL, 1, '2025-05-25 07:44:40', '2025-05-25 07:44:40'),
	(109, 7, 'bar', NULL, 'Balde de Stella G.', 'Balde de cervezas', 80.00, 20, 'Balde', NULL, 1, '2025-05-25 07:44:40', '2025-05-25 07:44:40'),
	(110, 7, 'bar', NULL, 'Balde de Corona G.', 'Balde de cervezas', 80.00, 20, 'Balde', NULL, 1, '2025-05-25 07:44:40', '2025-05-25 07:44:40'),
	(111, 7, 'bar', NULL, 'Balde de Pilsen', 'Balde de cervezas', 85.00, 20, 'Balde', NULL, 1, '2025-05-25 07:44:40', '2025-05-25 07:44:40'),
	(112, 7, 'bar', NULL, 'Balde de Cuz. Trigo', 'Balde de cervezas', 85.00, 20, 'Balde', NULL, 1, '2025-05-25 07:44:40', '2025-05-25 07:44:40'),
	(114, 1, 'cocina', 'PROD0113', 'manzana', '', 5.00, 45, 'unidad', 'https://www.recetasnestle.com.pe/sites/default/files/2022-07/tipos-de-manzana-royal-gala.jpg', 0, '2025-06-02 21:34:50', '2025-06-28 20:17:37'),
	(115, 2, 'bar', 'PROD0115', 'COCTEL DE MARGARITAS', '', 100.00, 8, 'unidad', 'https://www.google.com/url?sa=i&url=https%3A%2F%2Fwww.masquegastronomia.com%2Fblog%2Fcocteles-clasicos-ron-n44&psig=AOvVaw3E8DTpC6G2V8KFgMvfbJe1&ust=1749257583297000&source=images&cd=vfe&opi=89978449&ved=0CBUQjRxqFwoTCKjg0rnK240DFQAAAAAdAAAAABAE', 1, '2025-06-06 05:53:13', '2025-06-06 05:53:13'),
	(116, 8, 'cocina', NULL, 'Harina', NULL, 0.00, 0, NULL, NULL, 1, '2025-06-18 19:00:56', '2025-06-29 05:11:49'),
	(117, 8, 'cocina', NULL, 'Sal', NULL, 0.00, 0, NULL, NULL, 1, '2025-06-18 19:00:56', '2025-06-29 05:11:49'),
	(118, 8, 'cocina', NULL, 'Pimienta', NULL, 0.00, 0, NULL, NULL, 1, '2025-06-18 19:00:56', '2025-06-24 11:01:14'),
	(119, 8, 'cocina', NULL, 'Ajo en polvo', NULL, 0.00, 0, NULL, NULL, 1, '2025-06-18 19:00:56', '2025-06-18 19:00:56'),
	(120, 8, 'cocina', NULL, 'Cebolla en polvo', NULL, 0.00, 0, NULL, NULL, 1, '2025-06-18 19:00:56', '2025-06-18 19:00:56'),
	(121, 8, 'cocina', NULL, 'Orégano', NULL, 0.00, 0, NULL, NULL, 1, '2025-06-18 19:00:56', '2025-06-18 19:00:56'),
	(122, 8, 'cocina', NULL, 'Comino', NULL, 0.00, 0, NULL, NULL, 1, '2025-06-18 19:00:56', '2025-06-18 19:00:56'),
	(123, 8, 'cocina', NULL, 'Ají panca', NULL, 0.00, 0, NULL, NULL, 1, '2025-06-18 19:00:56', '2025-06-18 19:00:56'),
	(124, 8, 'cocina', NULL, 'Ají amarillo', NULL, 0.00, 0, NULL, NULL, 1, '2025-06-18 19:00:56', '2025-06-18 19:00:56'),
	(125, 8, 'cocina', NULL, 'Sazonador (Doña Gusta)', NULL, 0.00, 0, NULL, NULL, 1, '2025-06-18 19:00:56', '2025-06-18 19:00:56'),
	(126, 8, 'cocina', NULL, 'Paprika', NULL, 0.00, 0, NULL, NULL, 1, '2025-06-18 19:00:56', '2025-06-18 19:00:56'),
	(127, 9, 'cocina', NULL, 'Alas de Pollo', NULL, 0.00, 0, NULL, NULL, 1, '2025-06-18 19:00:56', '2025-06-18 19:00:56'),
	(128, 9, 'cocina', NULL, 'Trozos de Pollo', NULL, 0.00, 0, NULL, NULL, 1, '2025-06-18 19:00:56', '2025-06-18 19:00:56'),
	(129, 9, 'cocina', NULL, 'Huevo', NULL, 0.00, 0, NULL, NULL, 1, '2025-06-18 19:00:56', '2025-06-18 19:00:56'),
	(130, 9, 'cocina', NULL, 'Hot Dog', NULL, 0.00, 0, NULL, NULL, 1, '2025-06-18 19:00:56', '2025-06-18 19:00:56'),
	(131, 9, 'cocina', NULL, 'Papa', NULL, 0.00, 0, NULL, NULL, 1, '2025-06-18 19:00:56', '2025-06-18 19:00:56'),
	(132, 9, 'cocina', NULL, 'Queso', NULL, 0.00, 0, NULL, NULL, 1, '2025-06-18 19:00:56', '2025-06-18 19:00:56'),
	(133, 10, 'cocina', NULL, 'Mayonesa', NULL, 0.00, 0, NULL, NULL, 1, '2025-06-18 19:00:56', '2025-06-18 19:00:56'),
	(134, 10, 'cocina', NULL, 'Kétchup', NULL, 0.00, 0, NULL, NULL, 1, '2025-06-18 19:00:56', '2025-06-18 19:00:56'),
	(135, 10, 'cocina', NULL, 'Mostaza', NULL, 0.00, 0, NULL, NULL, 1, '2025-06-18 19:00:56', '2025-06-18 19:00:56'),
	(136, 10, 'cocina', NULL, 'Palta', NULL, 0.00, 0, NULL, NULL, 1, '2025-06-18 19:00:56', '2025-06-18 19:00:56'),
	(137, 10, 'cocina', NULL, 'Sillao', NULL, 0.00, 0, NULL, NULL, 1, '2025-06-18 19:00:56', '2025-06-18 19:00:56'),
	(138, 10, 'cocina', NULL, 'Salsa BBQ', NULL, 0.00, 0, NULL, NULL, 1, '2025-06-18 19:00:56', '2025-06-18 19:00:56'),
	(139, 11, 'cocina', NULL, 'Papel Toalla', NULL, 0.00, 0, NULL, NULL, 1, '2025-06-18 19:00:56', '2025-06-18 19:00:56'),
	(140, 11, 'cocina', NULL, 'Servilletas', NULL, 0.00, 0, NULL, NULL, 1, '2025-06-18 19:00:56', '2025-06-18 19:00:56'),
	(141, 11, 'cocina', NULL, 'Palillos', NULL, 0.00, 0, NULL, NULL, 1, '2025-06-18 19:00:56', '2025-06-18 19:00:56'),
	(142, 11, 'cocina', NULL, 'Taper', NULL, 0.00, 0, NULL, NULL, 1, '2025-06-18 19:00:56', '2025-06-18 19:00:56'),
	(143, 12, 'bar', NULL, 'Maracuyá', NULL, 0.00, 0, NULL, NULL, 1, '2025-06-18 19:00:56', '2025-06-29 05:56:53'),
	(144, 12, 'bar', NULL, 'Fresa', NULL, 0.00, 0, NULL, NULL, 1, '2025-06-18 19:00:56', '2025-06-29 05:56:53'),
	(145, 12, 'bar', NULL, 'Limón', NULL, 0.00, 0, NULL, NULL, 1, '2025-06-18 19:00:56', '2025-06-29 05:56:53'),
	(146, 12, 'bar', NULL, 'Mango', NULL, 0.00, 0, NULL, NULL, 1, '2025-06-18 19:00:56', '2025-06-29 05:56:53'),
	(147, 12, 'bar', NULL, 'Piña', NULL, 0.00, 0, NULL, NULL, 1, '2025-06-18 19:00:56', '2025-06-29 05:56:53'),
	(148, 13, 'bar', NULL, 'Jarabe', NULL, 0.00, 0, NULL, NULL, 1, '2025-06-18 19:00:56', '2025-06-24 11:31:25'),
	(149, 13, 'bar', NULL, 'Huevo', NULL, 0.00, 0, NULL, NULL, 1, '2025-06-18 19:00:56', '2025-06-24 11:31:25'),
	(150, 13, 'bar', NULL, 'Canela', NULL, 0.00, 0, NULL, NULL, 1, '2025-06-18 19:00:56', '2025-06-18 19:00:56'),
	(151, 13, 'bar', NULL, 'Cereza', NULL, 0.00, 0, NULL, NULL, 1, '2025-06-18 19:00:56', '2025-06-18 19:00:56'),
	(152, 13, 'bar', NULL, 'Hielo', NULL, 0.00, 0, NULL, NULL, 1, '2025-06-18 19:00:56', '2025-06-24 11:01:14'),
	(153, 13, 'bar', NULL, 'Sal', NULL, 0.00, 0, NULL, NULL, 1, '2025-06-18 19:00:56', '2025-06-19 08:19:35'),
	(154, 13, 'bar', NULL, 'Leche Condensada', NULL, 0.00, 0, NULL, NULL, 1, '2025-06-18 19:00:56', '2025-06-24 11:01:14'),
	(155, 13, 'bar', NULL, 'Crema de coco', NULL, 0.00, 0, NULL, NULL, 1, '2025-06-18 19:00:56', '2025-06-24 11:01:14'),
	(156, 14, 'bar', NULL, 'KR Negra', NULL, 0.00, 0, NULL, NULL, 1, '2025-06-18 19:00:56', '2025-06-24 11:01:14'),
	(157, 14, 'bar', NULL, 'Fanta', NULL, 0.00, 0, NULL, NULL, 1, '2025-06-18 19:00:56', '2025-06-24 11:01:14'),
	(158, 14, 'bar', NULL, 'Jugo de Naranja', NULL, 0.00, 0, NULL, NULL, 1, '2025-06-18 19:00:56', '2025-06-24 11:01:14'),
	(159, 14, 'bar', NULL, 'Jugo de Piña', NULL, 0.00, 0, NULL, NULL, 1, '2025-06-18 19:00:56', '2025-06-18 19:00:56'),
	(160, 14, 'bar', NULL, 'Agua con Gas', NULL, 0.00, 0, NULL, NULL, 1, '2025-06-18 19:00:56', '2025-06-24 11:01:14'),
	(161, 14, 'bar', NULL, 'Ginger Ale', NULL, 0.00, 0, NULL, NULL, 1, '2025-06-18 19:00:56', '2025-06-18 19:00:56'),
	(162, 14, 'bar', NULL, 'Agua Tónica', NULL, 0.00, 0, NULL, NULL, 1, '2025-06-18 19:00:56', '2025-06-18 19:00:56'),
	(163, 15, 'bar', NULL, 'Ron Blanco', NULL, 0.00, 0, NULL, NULL, 1, '2025-06-18 19:00:56', '2025-06-24 11:01:14'),
	(164, 15, 'bar', NULL, 'Ron Rubio', NULL, 0.00, 0, NULL, NULL, 1, '2025-06-18 19:00:56', '2025-06-18 19:00:56'),
	(165, 15, 'bar', NULL, 'Bailey', NULL, 0.00, 0, NULL, NULL, 1, '2025-06-18 19:00:56', '2025-06-24 11:01:14'),
	(166, 15, 'bar', NULL, 'Licor de Café', NULL, 0.00, 0, NULL, NULL, 1, '2025-06-18 19:00:56', '2025-06-18 19:00:56'),
	(167, 15, 'bar', NULL, 'Pisco', NULL, 0.00, 0, NULL, NULL, 1, '2025-06-18 19:00:56', '2025-06-18 19:00:56'),
	(168, 15, 'bar', NULL, 'Licor de Menta', NULL, 0.00, 0, NULL, NULL, 1, '2025-06-18 19:00:56', '2025-06-18 19:00:56'),
	(169, 15, 'bar', NULL, 'Jack Daniel\'s', NULL, 0.00, 0, NULL, NULL, 1, '2025-06-18 19:00:56', '2025-06-18 19:00:56'),
	(170, 15, 'bar', NULL, 'Jack Daniel\'s Apple', NULL, 0.00, 0, NULL, NULL, 1, '2025-06-18 19:00:56', '2025-06-24 11:01:14'),
	(171, 15, 'bar', NULL, 'Jack Daniel\'s Fire', NULL, 0.00, 0, NULL, NULL, 1, '2025-06-18 19:00:56', '2025-06-18 19:00:56'),
	(172, 15, 'bar', NULL, 'Jack Daniel\'s Honey', NULL, 0.00, 0, NULL, NULL, 1, '2025-06-18 19:00:56', '2025-06-18 19:00:56'),
	(173, 15, 'bar', NULL, 'Jagger', NULL, 0.00, 0, NULL, NULL, 1, '2025-06-18 19:00:56', '2025-06-18 19:00:56'),
	(174, 15, 'bar', NULL, 'Vodka', NULL, 0.00, 0, NULL, NULL, 1, '2025-06-18 19:00:56', '2025-06-18 19:00:56'),
	(175, 15, 'bar', NULL, 'Vino Semiseco', NULL, 0.00, 0, NULL, NULL, 1, '2025-06-18 19:00:56', '2025-06-18 19:00:56'),
	(176, 15, 'bar', NULL, 'Damasco', NULL, 0.00, 0, NULL, NULL, 1, '2025-06-18 19:00:56', '2025-06-18 19:00:56'),
	(177, 15, 'bar', NULL, 'Beefeater', NULL, 0.00, 0, NULL, NULL, 1, '2025-06-18 19:00:56', '2025-06-18 19:00:56'),
	(178, 15, 'bar', NULL, 'Amaretto', NULL, 0.00, 0, NULL, NULL, 1, '2025-06-18 19:00:56', '2025-06-18 19:00:56'),
	(179, 15, 'bar', NULL, 'Licor de Almendras', NULL, 0.00, 0, NULL, NULL, 1, '2025-06-18 19:00:56', '2025-06-18 19:00:56'),
	(182, 5, 'bar', NULL, 'Pilsen pequeña', 'Cerveza Pilsen en presentación pequeña', 20.00, 50, 'Botella', NULL, 1, '2025-07-09 06:59:32', '2025-07-09 06:59:32'),
	(183, 5, 'bar', NULL, 'Cuzqueña dorada pequeña', 'Cerveza Cuzqueña dorada en presentación pequeña', 20.00, 50, 'Botella', NULL, 1, '2025-07-09 06:59:32', '2025-07-09 06:59:32'),
	(184, 5, 'bar', NULL, 'Cuzqueña trigo pequeña', 'Cerveza Cuzqueña trigo en presentación pequeña', 20.00, 50, 'Botella', NULL, 1, '2025-07-09 06:59:32', '2025-07-09 06:59:32'),
	(185, 5, 'bar', NULL, 'Cuzqueña negra pequeña', 'Cerveza Cuzqueña negra en presentación pequeña', 20.00, 50, 'Botella', NULL, 1, '2025-07-09 06:59:32', '2025-07-09 06:59:32'),
	(186, 5, 'bar', NULL, 'Corona Pequeña', 'Cerveza Corona en presentación pequeña', 20.00, 50, 'Botella', NULL, 1, '2025-07-09 06:59:32', '2025-07-09 06:59:32');

CREATE TABLE IF NOT EXISTS `promociones` (
  `id_promocion` int(10) unsigned NOT NULL AUTO_INCREMENT,
  `nombre_promocion` varchar(150) NOT NULL COMMENT 'Nombre descriptivo de la promoción (ej: Combo Cumpleañero, 2x1 en Cervezas)',
  `descripcion_promocion` text DEFAULT NULL COMMENT 'Descripción detallada de la promoción, condiciones, etc.',
  `codigo_promocion` varchar(50) DEFAULT NULL COMMENT 'Código corto opcional para identificar o aplicar la promoción',
  `precio_promocion` decimal(10,2) NOT NULL COMMENT 'Precio final de la promoción',
  `fecha_inicio` datetime NOT NULL COMMENT 'Fecha y hora de inicio de validez de la promoción',
  `fecha_fin` datetime NOT NULL COMMENT 'Fecha y hora de fin de validez de la promoción',
  `estado_promocion` enum('activa','inactiva','agotada') NOT NULL DEFAULT 'activa' COMMENT 'Estado actual de la promoción',
  `imagen_url_promocion` varchar(255) DEFAULT NULL COMMENT 'URL de la imagen representativa de la promoción',
  `dias_aplicables` set('LUN','MAR','MIE','JUE','VIE','SAB','DOM') DEFAULT NULL COMMENT 'Días de la semana en que aplica la promoción (NULL si aplica todos los días dentro del rango de fechas)',
  `stock_promocion` int(10) unsigned DEFAULT NULL COMMENT 'Cantidad limitada de promociones disponibles (NULL si no hay límite específico de stock para la promoción en sí)',
  `fecha_creacion` timestamp NULL DEFAULT current_timestamp(),
  `fecha_actualizacion` timestamp NULL DEFAULT current_timestamp() ON UPDATE current_timestamp(),
  PRIMARY KEY (`id_promocion`),
  UNIQUE KEY `nombre_promocion` (`nombre_promocion`),
  UNIQUE KEY `codigo_promocion` (`codigo_promocion`),
  KEY `idx_promocion_estado` (`estado_promocion`),
  KEY `idx_promocion_fechas` (`fecha_inicio`,`fecha_fin`)
) ENGINE=InnoDB AUTO_INCREMENT=7 DEFAULT CHARSET=utf8mb4 COLLATE=utf8mb4_unicode_ci COMMENT='Tabla para almacenar las promociones ofrecidas';

INSERT INTO `promociones` (`id_promocion`, `nombre_promocion`, `descripcion_promocion`, `codigo_promocion`, `precio_promocion`, `fecha_inicio`, `fecha_fin`, `estado_promocion`, `imagen_url_promocion`, `dias_aplicables`, `stock_promocion`, `fecha_creacion`, `fecha_actualizacion`) VALUES
	(4, 'Dia de la madre 50% en productos seleccionados', '50% de descuento', NULL, 19.50, '2025-06-20 00:00:00', '2025-07-02 00:00:00', 'activa', 'https://depor.com/resizer/v2/6LCDP2G53FGKRG7SH4MNDWZCFI.jpg?auth=0c9f2f0c71763183554dcbd503655546a15f62d3a3187e3d6801dfd571c8c0d5&width=1200&height=801&quality=90&smart=true', NULL, 13, '2025-06-20 23:47:17', '2025-07-01 00:46:22');

CREATE TABLE IF NOT EXISTS `promocion_productos` (
  `id_promocion_producto` bigint(20) unsigned NOT NULL AUTO_INCREMENT,
  `id_promocion` int(10) unsigned NOT NULL COMMENT 'FK a la promoción',
  `id_producto` int(10) unsigned NOT NULL COMMENT 'FK al producto incluido en la promoción',
  `cantidad_producto_en_promo` int(10) unsigned NOT NULL DEFAULT 1 COMMENT 'Cantidad de este producto que se incluye en la promoción (ej: 2 para un 2x1)',
  `precio_original_referencia` decimal(10,2) DEFAULT NULL COMMENT 'Precio unitario del producto al momento de añadirlo a la promo (solo referencia, el precio de venta es el de la promoción)',
  `fecha_creacion` timestamp NULL DEFAULT current_timestamp(),
  PRIMARY KEY (`id_promocion_producto`),
  UNIQUE KEY `uq_promocion_producto_unico` (`id_promocion`,`id_producto`),
  KEY `fk_promocionproducto_promocion` (`id_promocion`),
  KEY `fk_promocionproducto_producto` (`id_producto`),
  CONSTRAINT `fk_promocionproducto_producto` FOREIGN KEY (`id_producto`) REFERENCES `productos` (`id_producto`) ON UPDATE CASCADE,
  CONSTRAINT `fk_promocionproducto_promocion` FOREIGN KEY (`id_promocion`) REFERENCES `promociones` (`id_promocion`) ON DELETE CASCADE ON UPDATE CASCADE
) ENGINE=InnoDB AUTO_INCREMENT=68 DEFAULT CHARSET=utf8mb4 COLLATE=utf8mb4_unicode_ci COMMENT='Tabla de enlace entre promociones y los productos que las componen';

INSERT INTO `promocion_productos` (`id_promocion_producto`, `id_promocion`, `id_producto`, `cantidad_producto_en_promo`, `precio_original_referencia`, `fecha_creacion`) VALUES
	(65, 4, 61, 1, 10.00, '2025-06-30 19:46:22'),
	(66, 4, 8, 1, 14.00, '2025-06-30 19:46:22'),
	(67, 4, 59, 1, 15.00, '2025-06-30 19:46:22');

CREATE TABLE IF NOT EXISTS `usuarios` (
  `id_usuario` int(10) unsigned NOT NULL AUTO_INCREMENT,
  `codigo_usuario` varchar(14) NOT NULL COMMENT 'ID personalizado formato YYMMDDHHMMSS + opcional secuencial para unicidad',
  `usuario` varchar(50) NOT NULL COMMENT 'Nombre de usuario para login',
  `contrasena` varchar(255) NOT NULL COMMENT 'Contraseña hasheada',
  `nombres` varchar(150) NOT NULL COMMENT 'Nombres completos del usuario',
  `rol` enum('administrador','mesero','bartender','cocinero') NOT NULL COMMENT 'Rol del usuario en el sistema',
  `estado` tinyint(1) NOT NULL DEFAULT 1 COMMENT 'TRUE: activo, FALSE: inactivo',
  `fecha_creacion` timestamp NULL DEFAULT current_timestamp(),
  `fecha_actualizacion` timestamp NULL DEFAULT current_timestamp() ON UPDATE current_timestamp(),
  PRIMARY KEY (`id_usuario`),
  UNIQUE KEY `codigo_usuario` (`codigo_usuario`),
  UNIQUE KEY `usuario` (`usuario`),
  KEY `idx_usuario_rol` (`rol`),
  KEY `idx_usuario_estado` (`estado`)
) ENGINE=InnoDB AUTO_INCREMENT=16 DEFAULT CHARSET=utf8mb4 COLLATE=utf8mb4_unicode_ci COMMENT='Tabla de usuarios del sistema';

INSERT INTO `usuarios` (`id_usuario`, `codigo_usuario`, `usuario`, `contrasena`, `nombres`, `rol`, `estado`, `fecha_creacion`, `fecha_actualizacion`) VALUES
	(1, '250526184928', 'admin01', '$2y$12$Cn/6bXP6/9RbetNIeEVqMOqr0Z7k6Gx359aWGZi2aaCIAa71ou91m', 'Carlos Gómez', 'administrador', 1, '2025-05-26 23:49:28', '2025-05-26 23:50:01'),
	(2, '25052618492801', 'mesero01', '$2y$12$Cn/6bXP6/9RbetNIeEVqMOqr0Z7k6Gx359aWGZi2aaCIAa71ou91m', 'Lucía Rodríguez', 'mesero', 1, '2025-05-26 23:49:28', '2025-05-26 23:50:02'),
	(3, '25052618492802', 'barman01', '$2y$12$Cn/6bXP6/9RbetNIeEVqMOqr0Z7k6Gx359aWGZi2aaCIAa71ou91m', 'Esteban Torres', 'bartender', 1, '2025-05-26 23:49:28', '2025-05-26 23:50:02'),
	(4, '25052618492803', 'cocinero01', '$2y$12$Cn/6bXP6/9RbetNIeEVqMOqr0Z7k6Gx359aWGZi2aaCIAa71ou91m', 'María Fernanda Ruiz', 'cocinero', 1, '2025-05-26 23:49:28', '2025-05-26 23:50:03'),
	(6, '25052618492805', 'mesero02', '$2y$12$Cn/6bXP6/9RbetNIeEVqMOqr0Z7k6Gx359aWGZi2aaCIAa71ou91m', 'Pedro Jiménez', 'mesero', 1, '2025-05-26 23:49:28', '2025-05-26 23:50:04'),
	(9, '25052618492808', 'mesero03', '$2y$12$Cn/6bXP6/9RbetNIeEVqMOqr0Z7k6Gx359aWGZi2aaCIAa71ou91m', 'Valentina Rivas Maquera', 'mesero', 1, '2025-05-26 23:49:28', '2025-07-01 00:48:32');

SET @OLDTMP_SQL_MODE=@@SQL_MODE, SQL_MODE='ONLY_FULL_GROUP_BY,STRICT_TRANS_TABLES,NO_ZERO_IN_DATE,NO_ZERO_DATE,ERROR_FOR_DIVISION_BY_ZERO,NO_ENGINE_SUBSTITUTION';
DELIMITER //
CREATE TRIGGER `trg_before_insert_usuarios_codigo` BEFORE INSERT ON `Usuarios` FOR EACH ROW BEGIN
    DECLARE base_code VARCHAR(12);
    DECLARE final_code VARCHAR(14);
    DECLARE counter INT DEFAULT 0;
    SET base_code = DATE_FORMAT(NOW(), '%y%m%d%H%i%s');
    SET final_code = base_code;
    -- Bucle para asegurar unicidad en caso de inserciones en el mismo segundo.
    -- Se añade un contador de dos dígitos si hay colisión.
    WHILE EXISTS(SELECT 1 FROM Usuarios WHERE codigo_usuario = final_code) DO
        SET counter = counter + 1;
        SET final_code = CONCAT(base_code, LPAD(counter, 2, '0'));
        IF counter > 99 THEN -- Prevenir bucle infinito en caso extremo
            SIGNAL SQLSTATE '45000' SET MESSAGE_TEXT = 'No se pudo generar un codigo_usuario único.';
        END IF;
    END WHILE;
    SET NEW.codigo_usuario = final_code;
    -- Se recomienda hashear la contraseña en la capa de aplicación antes de guardarla.
END//
DELIMITER ;
SET SQL_MODE=@OLDTMP_SQL_MODE;

/*!40103 SET TIME_ZONE=IFNULL(@OLD_TIME_ZONE, 'system') */;
/*!40101 SET SQL_MODE=IFNULL(@OLD_SQL_MODE, '') */;
/*!40014 SET FOREIGN_KEY_CHECKS=IFNULL(@OLD_FOREIGN_KEY_CHECKS, 1) */;
/*!40101 SET CHARACTER_SET_CLIENT=@OLD_CHARACTER_SET_CLIENT */;
/*!40111 SET SQL_NOTES=IFNULL(@OLD_SQL_NOTES, 1) */;
